AirportName,Number of Departures,Number of Connections,Year,Lat Airport,Lng Airport,Provinces
WEBEQUIE,365,4,2018,52.962098,-87.373893,ON
BIG TROUT LAKE,863,6,2018,53.818763,-89.83509289999999,ON
PICKLE LAKE,626,5,2018,51.44695249999999,-90.21150349999999,ON
MUSKRAT DAM,488,4,2018,53.44177089999999,-91.761989,ON
KITCHENER,355,1,2018,43.4557903,-80.3858475,ON
FOND DU LAC,21,3,2018,43.7696897,-88.4842863,ON
KASABONIKA,625,6,2018,53.524722,-88.642778,ON
GATINEAU,446,1,2018,45.5209515,-75.56147469999999,ON
PEAWANUCK,104,1,2018,54.98932600000001,-85.43906609999999,ON
ATTAWAPISKAT,643,3,2018,52.9265542,-82.4304748,ON
REPULSE BAY,630,4,2018,43.67771760000001,-79.6248197,ON
NORTH BAY,2544,5,2004,46.3572071,-79.4270197,ON
SHAMATTAWA,661,6,2018,55.85942,-92.08208599999999,ON
SANDY LAKE,2371,14,2018,53.0641646,-93.3444368,ON
SACHIGO LAKE,1108,13,2018,53.0641646,-93.3444368,ON
PIKANGIKUM,1808,13,2018,51.820011,-93.974114,ON
ISLAND LAKE/GARDEN HILL,1432,6,2018,41.9741625,-87.9073214,ON
CAT LAKE,477,6,2018,51.7265404,-91.8282928,ON
SARNIA,1375,1,2018,42.9932232,-82.3062709,ON
GODS RIVER,628,2,2004,54.838142,-94.0564339,ON
BIG TROUT LAKE,693,5,2014,53.818763,-89.83509289999999,ON
VAL D'OR,3073,10,2018,48.05348799999999,-77.783177,ON
ROUYN,2912,9,2018,48.2119059,-78.8292605,ON
KINGSTON,1674,1,2018,44.22349,-76.599458,ON
WASKAGANISH,1292,5,2008,51.4756741,-78.751764,ON
SAULT STE-MARIE,4315,4,2018,46.485279,-84.500438,ON
OTTAWA INTL,40076,78,2018,45.319212,-75.66916520000001,ON
LANDSDOWNE HOUSE,257,4,2017,52.197559,-87.9351437,ON
FORT SEVERN,314,2,2017,56.0186303,-87.67922539999999,ON
EASTMAIN,720,2,2012,52.23078460000001,-78.5195816,ON
OTTAWA INTL,46265,101,2012,45.319212,-75.66916520000001,ON
MUSKRAT DAM,595,4,2016,53.44177089999999,-91.761989,ON
SANDY LAKE,562,6,2007,53.0641646,-93.3444368,ON
CAT LAKE,540,2,2010,51.7265404,-91.8282928,ON
MUSKRAT DAM,557,6,2007,53.44177089999999,-91.761989,ON
EASTMAIN,477,2,2017,52.23078460000001,-78.5195816,ON
SIOUX LOOKOUT,2665,8,2006,50.1151029,-91.9027131,ON
WASKAGANISH,1040,4,2017,51.4756741,-78.751764,ON
PEAWANUCK,103,1,2007,54.98932600000001,-85.43906609999999,ON
TIMMINS,4750,4,2008,48.566513,-81.37204299999999,ON
RED LAKE,3022,10,2017,51.0669864,-93.7941053,ON
KENORA,810,2,2017,49.7867097,-94.3657982,ON
KINGSTON,1633,1,2004,44.22349,-76.599458,ON
SAULT STE-MARIE,5396,6,2011,46.485279,-84.500438,ON
UMIUJAQ,829,3,2017,56.5392892,-76.5204693,ON
OTTAWA INTL,32935,55,2003,45.319212,-75.66916520000001,ON
KUUJJUARAPIK,1375,6,2017,55.2828293,-77.7581727,ON
UMIUJAQ,724,3,2013,56.5392892,-76.5204693,ON
GODS NARROWS,1306,4,2017,54.5534811,-94.4816864,ON
LANDSDOWNE HOUSE,2025,4,2010,52.197559,-87.9351437,ON
SARNIA,1372,1,2017,42.9932232,-82.3062709,ON
SANIKILUAQ,282,2,2011,56.53598599999999,-79.2461486,ON
LESTER B. PEARSON,221899,416,2018,43.67771760000001,-79.6248197,ON
VAL D'OR,2871,9,2017,48.05348799999999,-77.783177,ON
ROUYN,2023,7,2017,48.2119059,-78.8292605,ON
ROUYN,1632,5,2007,48.2119059,-78.8292605,ON
SUDBURY,8666,6,2008,46.6228445,-80.7956531,ON
WINDSOR,3322,13,2017,42.2715029,-82.9582822,ON
SUDBURY,6253,10,2013,46.6228445,-80.7956531,ON
NORTH BAY,2330,3,2006,46.3572071,-79.4270197,ON
HAMILTON,4737,31,2017,43.1685644,-79.9288234,ON
SARNIA,1251,1,2008,42.9932232,-82.3062709,ON
KINGSTON,1773,1,2017,44.22349,-76.599458,ON
OTTAWA INTL,38375,88,2017,45.319212,-75.66916520000001,ON
WEBEQUIE,563,6,2016,52.962098,-87.373893,ON
BIG TROUT LAKE,867,7,2016,53.818763,-89.83509289999999,ON
PICKLE LAKE,562,5,2016,51.44695249999999,-90.21150349999999,ON
CAT LAKE,304,5,2016,51.7265404,-91.8282928,ON
DRYDEN,2048,4,2007,49.8317438,-92.7445381,ON
KASABONIKA,362,5,2016,53.524722,-88.642778,ON
KINGSTON,2157,2,2016,44.22349,-76.599458,ON
FORT ALBANY,622,2,2009,52.2052291,-81.6882971,ON
WINDSOR,3452,16,2018,42.2715029,-82.9582822,ON
MUSKRAT DAM,722,3,2010,53.44177089999999,-91.761989,ON
WEMINDJI,624,2,2016,53.01061259999999,-78.8309781,ON
MOOSONEE,1249,3,2016,51.2897031,-80.6127405,ON
WASKAGANISH,1276,6,2016,51.4756741,-78.751764,ON
FORT ALBANY,662,2,2016,52.2052291,-81.6882971,ON
EASTMAIN,723,2,2013,52.23078460000001,-78.5195816,ON
REPULSE BAY,583,6,2016,43.67771760000001,-79.6248197,ON
NORTH BAY,2283,6,2016,46.3572071,-79.4270197,ON
SUDBURY,4919,7,2016,46.6228445,-80.7956531,ON
KENORA,797,2,2016,49.7867097,-94.3657982,ON
WINDSOR,3223,7,2013,42.2715029,-82.9582822,ON
DRYDEN,1160,5,2016,49.8317438,-92.7445381,ON
FORT FRANCES,1113,4,2016,48.654167,-93.439722,ON
HOLMAN,294,3,2016,44.9334686,-93.0601241,ON
SANIKILUAQ,440,3,2016,56.53598599999999,-79.2461486,ON
WEBEQUIE,692,5,2013,52.962098,-87.373893,ON
SHAMATTAWA,680,3,2016,55.85942,-92.08208599999999,ON
LANDSDOWNE HOUSE,736,3,2012,52.197559,-87.9351437,ON
SACHIGO LAKE,490,7,2016,53.0641646,-93.3444368,ON
RED SUCKER LAKE,706,4,2016,54.1689608,-93.563234,ON
PIKANGIKUM,1188,9,2016,51.820011,-93.974114,ON
GODS NARROWS,1305,4,2016,54.5534811,-94.4816864,ON
SAULT STE-MARIE,4425,6,2017,46.485279,-84.500438,ON
FORT ALBANY,620,2,2007,52.2052291,-81.6882971,ON
FORT ALBANY,618,2,2010,52.2052291,-81.6882971,ON
WINDSOR,3581,16,2016,42.2715029,-82.9582822,ON
SACHIGO LAKE,327,3,2015,53.0641646,-93.3444368,ON
LESTER B. PEARSON,211148,534,2016,43.67771760000001,-79.6248197,ON
KITCHENER,889,6,2016,43.4557903,-80.3858475,ON
FORT HOPE,338,3,2015,51.561711,-87.906953,ON
SANDY LAKE,1098,7,2008,53.0641646,-93.3444368,ON
CAT LAKE,313,3,2015,51.7265404,-91.8282928,ON
GATINEAU,60,2,2015,45.5209515,-75.56147469999999,ON
KASABONIKA,615,3,2015,53.524722,-88.642778,ON
PEAWANUCK,103,1,2012,54.98932600000001,-85.43906609999999,ON
WEMINDJI,563,3,2017,53.01061259999999,-78.8309781,ON
ROUYN,1534,6,2015,48.2119059,-78.8292605,ON
HOLMAN,311,3,2014,44.9334686,-93.0601241,ON
GILLAM,620,2,2017,56.357051,-94.705728,ON
NORTH BAY,3307,6,2012,46.3572071,-79.4270197,ON
SIOUX LOOKOUT,7818,22,2013,50.1151029,-91.9027131,ON
HOLMAN,261,3,2018,44.9334686,-93.0601241,ON
SARNIA,1194,2,2015,42.9932232,-82.3062709,ON
GODS RIVER,971,6,2017,54.838142,-94.0564339,ON
KINGSTON,2546,2,2015,44.22349,-76.599458,ON
EASTMAIN,666,2,2015,52.23078460000001,-78.5195816,ON
WEMINDJI,666,2,2015,53.01061259999999,-78.8309781,ON
WASKAGANISH,1343,6,2015,51.4756741,-78.751764,ON
MOOSONEE,934,2,2012,51.2897031,-80.6127405,ON
CAT LAKE,574,2,2013,51.7265404,-91.8282928,ON
REPULSE BAY,400,7,2015,43.67771760000001,-79.6248197,ON
CAT LAKE,573,2,2011,51.7265404,-91.8282928,ON
GILLAM,625,2,2015,56.357051,-94.705728,ON
FORT SEVERN,313,2,2009,56.0186303,-87.67922539999999,ON
SUDBURY,5460,7,2017,46.6228445,-80.7956531,ON
KITCHENER,2206,5,2013,43.4557903,-80.3858475,ON
KENORA,799,3,2015,49.7867097,-94.3657982,ON
DRYDEN,1073,5,2015,49.8317438,-92.7445381,ON
SAULT STE-MARIE,4431,4,2015,46.485279,-84.500438,ON
SIOUX LOOKOUT,9488,43,2017,50.1151029,-91.9027131,ON
UMIUJAQ,827,3,2016,56.5392892,-76.5204693,ON
SANIKILUAQ,430,3,2015,56.53598599999999,-79.2461486,ON
KUUJJUARAPIK,1367,6,2015,55.2828293,-77.7581727,ON
GODS RIVER,111,6,2015,54.838142,-94.0564339,ON
PIKANGIKUM,745,8,2015,51.820011,-93.974114,ON
GODS NARROWS,173,4,2015,54.5534811,-94.4816864,ON
WINDSOR,2272,1,2008,42.2715029,-82.9582822,ON
UMIUJAQ,826,3,2018,56.5392892,-76.5204693,ON
LESTER B. PEARSON,205615,479,2015,43.67771760000001,-79.6248197,ON
THUNDER BAY,10679,12,2006,48.37426019999999,-89.3194986,ON
SACHIGO LAKE,476,2,2014,53.0641646,-93.3444368,ON
WEBEQUIE,580,5,2014,52.962098,-87.373893,ON
CAT LAKE,378,6,2017,51.7265404,-91.8282928,ON
LANDSDOWNE HOUSE,561,4,2014,52.197559,-87.9351437,ON
CAT LAKE,476,3,2014,51.7265404,-91.8282928,ON
KASABONIKA,510,6,2014,53.524722,-88.642778,ON
ROUYN,1490,3,2010,48.2119059,-78.8292605,ON
ALMA,232,2,2014,43.323929,-84.6883677,ON
WINDSOR,2340,4,2010,42.2715029,-82.9582822,ON
NEMISCAU,270,2,2018,51.69103699999999,-76.13552589999999,ON
KAPUSKASING,293,1,2016,49.418308,-82.4701367,ON
DRYDEN,1173,5,2018,49.8317438,-92.7445381,ON
KENORA,1370,3,2006,49.7867097,-94.3657982,ON
MOOSONEE,1128,3,2007,51.2897031,-80.6127405,ON
EASTMAIN,722,2,2014,52.23078460000001,-78.5195816,ON
SANDY LAKE,773,5,2014,53.0641646,-93.3444368,ON
PEAWANUCK,103,1,2014,54.98932600000001,-85.43906609999999,ON
NEMISCAU,516,2,2014,51.69103699999999,-76.13552589999999,ON
SACHIGO LAKE,931,9,2017,53.0641646,-93.3444368,ON
MOOSONEE,1025,3,2014,51.2897031,-80.6127405,ON
ATTAWAPISKAT,412,2,2014,52.9265542,-82.4304748,ON
REPULSE BAY,551,8,2014,43.67771760000001,-79.6248197,ON
KITCHENER,564,1,2004,43.4557903,-80.3858475,ON
GILLAM,602,2,2014,56.357051,-94.705728,ON
KINGSTON,2536,3,2014,44.22349,-76.599458,ON
KAPUSKASING,459,2,2014,49.418308,-82.4701367,ON
SUDBURY,5242,10,2014,46.6228445,-80.7956531,ON
RED LAKE,3576,9,2014,51.0669864,-93.7941053,ON
KENORA,1019,4,2014,49.7867097,-94.3657982,ON
KITCHENER,1273,6,2014,43.4557903,-80.3858475,ON
DRYDEN,1364,5,2014,49.8317438,-92.7445381,ON
FORT FRANCES,1086,3,2014,48.654167,-93.439722,ON
UMIUJAQ,726,3,2014,56.5392892,-76.5204693,ON
LESTER B. PEARSON,217743,414,2017,43.67771760000001,-79.6248197,ON
SANIKILUAQ,430,3,2014,56.53598599999999,-79.2461486,ON
HOLMAN,312,3,2012,44.9334686,-93.0601241,ON
WASKAGANISH,1289,5,2007,51.4756741,-78.751764,ON
FORT FRANCES,1314,2,2005,48.654167,-93.439722,ON
PIKANGIKUM,1028,6,2013,51.820011,-93.974114,ON
FORT SEVERN,307,4,2013,56.0186303,-87.67922539999999,ON
KASABONIKA,654,5,2013,53.524722,-88.642778,ON
OTTAWA INTL,37736,115,2016,45.319212,-75.66916520000001,ON
PEAWANUCK,103,1,2017,54.98932600000001,-85.43906609999999,ON
MUSKRAT DAM,104,1,2006,53.44177089999999,-91.761989,ON
SANDY LAKE,2440,16,2017,53.0641646,-93.3444368,ON
KAPUSKASING,305,1,2015,49.418308,-82.4701367,ON
KUUJJUARAPIK,1254,10,2004,55.2828293,-77.7581727,ON
GILLAM,312,1,2005,56.357051,-94.705728,ON
FORT ALBANY,622,2,2008,52.2052291,-81.6882971,ON
MUSKRAT DAM,404,4,2015,53.44177089999999,-91.761989,ON
SARNIA,1210,1,2013,42.9932232,-82.3062709,ON
EASTMAIN,676,2,2011,52.23078460000001,-78.5195816,ON
KINGSTON,2428,2,2013,44.22349,-76.599458,ON
RED LAKE,2023,4,2006,51.0669864,-93.7941053,ON
KASABONIKA,826,9,2007,53.524722,-88.642778,ON
NEMISCAU,520,2,2016,51.69103699999999,-76.13552589999999,ON
VAL D'OR,2250,7,2013,48.05348799999999,-77.783177,ON
NEMISCAU,517,2,2013,51.69103699999999,-76.13552589999999,ON
WEMINDJI,723,2,2013,53.01061259999999,-78.8309781,ON
FORT ALBANY,620,2,2013,52.2052291,-81.6882971,ON
RED SUCKER LAKE,756,4,2017,54.1689608,-93.563234,ON
REPULSE BAY,589,6,2013,43.67771760000001,-79.6248197,ON
HAMILTON,5141,25,2008,43.1685644,-79.9288234,ON
KAPUSKASING,1021,3,2013,49.418308,-82.4701367,ON
TIMMINS,5370,5,2013,48.566513,-81.37204299999999,ON
RED LAKE,4005,9,2013,51.0669864,-93.7941053,ON
DRYDEN,1715,4,2013,49.8317438,-92.7445381,ON
HAMILTON,2827,25,2015,43.1685644,-79.9288234,ON
SAULT STE-MARIE,5251,8,2013,46.485279,-84.500438,ON
FORT FRANCES,1112,2,2013,48.654167,-93.439722,ON
FORT FRANCES,1232,2,2006,48.654167,-93.439722,ON
ISLAND LAKE/GARDEN HILL,1399,3,2017,41.9741625,-87.9073214,ON
KUUJJUARAPIK,1226,7,2013,55.2828293,-77.7581727,ON
WEMINDJI,722,2,2014,53.01061259999999,-78.8309781,ON
SANDY LAKE,1473,8,2009,53.0641646,-93.3444368,ON
OTTAWA INTL,42150,102,2013,45.319212,-75.66916520000001,ON
SACHIGO LAKE,574,2,2012,53.0641646,-93.3444368,ON
NORTH BAY,1924,3,2018,46.3572071,-79.4270197,ON
PICKLE LAKE,446,2,2012,51.44695249999999,-90.21150349999999,ON
FORT HOPE,801,3,2012,51.561711,-87.906953,ON
MUSKRAT DAM,762,3,2012,53.44177089999999,-91.761989,ON
SHAMATTAWA,302,3,2009,55.85942,-92.08208599999999,ON
SARNIA,1269,1,2012,42.9932232,-82.3062709,ON
PIKANGIKUM,1613,10,2017,51.820011,-93.974114,ON
TIMMINS,4560,4,2006,48.566513,-81.37204299999999,ON
FORT SEVERN,313,2,2010,56.0186303,-87.67922539999999,ON
GILLAM,614,2,2018,56.357051,-94.705728,ON
SIOUX LOOKOUT,9752,49,2018,50.1151029,-91.9027131,ON
PICKLE LAKE,412,7,2004,51.44695249999999,-90.21150349999999,ON
FORT ALBANY,616,2,2011,52.2052291,-81.6882971,ON
WINDSOR,3065,5,2012,42.2715029,-82.9582822,ON
KINGSTON,2263,2,2012,44.22349,-76.599458,ON
GODS NARROWS,1898,6,2007,54.5534811,-94.4816864,ON
GODS RIVER,889,6,2016,54.838142,-94.0564339,ON
LANDSDOWNE HOUSE,2338,6,2008,52.197559,-87.9351437,ON
SANDY LAKE,1015,5,2013,53.0641646,-93.3444368,ON
PEAWANUCK,104,1,2013,54.98932600000001,-85.43906609999999,ON
NEMISCAU,518,2,2015,51.69103699999999,-76.13552589999999,ON
KASABONIKA,208,2,2006,53.524722,-88.642778,ON
NEMISCAU,516,2,2012,51.69103699999999,-76.13552589999999,ON
SUDBURY,5225,9,2015,46.6228445,-80.7956531,ON
FORT ALBANY,618,2,2012,52.2052291,-81.6882971,ON
ATTAWAPISKAT,412,2,2012,52.9265542,-82.4304748,ON
REPULSE BAY,782,6,2012,43.67771760000001,-79.6248197,ON
GILLAM,588,2,2012,56.357051,-94.705728,ON
SARNIA,1370,1,2016,42.9932232,-82.3062709,ON
SIOUX LOOKOUT,8096,22,2012,50.1151029,-91.9027131,ON
SUDBURY,8128,10,2012,46.6228445,-80.7956531,ON
THUNDER BAY,10581,18,2017,48.37426019999999,-89.3194986,ON
RED LAKE,3983,11,2012,51.0669864,-93.7941053,ON
GILLAM,313,1,2006,56.357051,-94.705728,ON
HAMILTON,2892,16,2012,43.1685644,-79.9288234,ON
KINGSTON,1547,2,2005,44.22349,-76.599458,ON
FORT FRANCES,1155,2,2012,48.654167,-93.439722,ON
WINDSOR,3721,10,2015,42.2715029,-82.9582822,ON
KUUJJUARAPIK,1295,7,2014,55.2828293,-77.7581727,ON
SANIKILUAQ,314,2,2012,56.53598599999999,-79.2461486,ON
KUUJJUARAPIK,1198,6,2012,55.2828293,-77.7581727,ON
PEAWANUCK,105,1,2009,54.98932600000001,-85.43906609999999,ON
EASTMAIN,622,4,2003,52.23078460000001,-78.5195816,ON
LESTER B. PEARSON,197914,411,2012,43.67771760000001,-79.6248197,ON
FORT FRANCES,1114,3,2018,48.654167,-93.439722,ON
KITCHENER,2043,5,2012,43.4557903,-80.3858475,ON
SACHIGO LAKE,573,2,2011,53.0641646,-93.3444368,ON
FORT HOPE,351,4,2018,51.561711,-87.906953,ON
REPULSE BAY,656,6,2017,43.67771760000001,-79.6248197,ON
BIG TROUT LAKE,1146,6,2011,53.818763,-89.83509289999999,ON
FORT SEVERN,313,2,2011,56.0186303,-87.67922539999999,ON
KASABONIKA,833,5,2011,53.524722,-88.642778,ON
FOND DU LAC,47,1,2011,43.7696897,-88.4842863,ON
MOOSONEE,1132,3,2006,51.2897031,-80.6127405,ON
LANDSDOWNE HOUSE,989,4,2011,52.197559,-87.9351437,ON
LESTER B. PEARSON,184538,396,2009,43.67771760000001,-79.6248197,ON
ALMA,310,2,2011,43.323929,-84.6883677,ON
SAULT STE-MARIE,4203,5,2016,46.485279,-84.500438,ON
DRYDEN,1173,5,2017,49.8317438,-92.7445381,ON
WINDSOR,3028,3,2011,42.2715029,-82.9582822,ON
NAKINA,1044,2,2010,50.1830527,-86.69728219999999,ON
KINGSTON,2352,2,2011,44.22349,-76.599458,ON
HAMILTON,2651,22,2014,43.1685644,-79.9288234,ON
KAPUSKASING,1062,3,2012,49.418308,-82.4701367,ON
FORT SEVERN,313,2,2015,56.0186303,-87.67922539999999,ON
SUDBURY,5531,8,2018,46.6228445,-80.7956531,ON
FORT ALBANY,618,2,2014,52.2052291,-81.6882971,ON
OTTAWA INTL,37017,60,2007,45.319212,-75.66916520000001,ON
DRYDEN,2000,4,2009,49.8317438,-92.7445381,ON
GILLAM,828,2,2009,56.357051,-94.705728,ON
BIG TROUT LAKE,1102,10,2004,53.818763,-89.83509289999999,ON
KASABONIKA,389,5,2017,53.524722,-88.642778,ON
SANDY LAKE,1094,5,2011,53.0641646,-93.3444368,ON
PEAWANUCK,103,1,2011,54.98932600000001,-85.43906609999999,ON
NEMISCAU,514,2,2011,51.69103699999999,-76.13552589999999,ON
RED LAKE,3183,11,2007,51.0669864,-93.7941053,ON
SARNIA,1186,1,2014,42.9932232,-82.3062709,ON
WEMINDJI,676,2,2011,53.01061259999999,-78.8309781,ON
MOOSONEE,967,2,2011,51.2897031,-80.6127405,ON
ATTAWAPISKAT,411,2,2011,52.9265542,-82.4304748,ON
FORT ALBANY,764,2,2004,52.2052291,-81.6882971,ON
DRYDEN,2029,6,2012,49.8317438,-92.7445381,ON
REPULSE BAY,684,5,2011,43.67771760000001,-79.6248197,ON
GILLAM,567,2,2011,56.357051,-94.705728,ON
KAPUSKASING,1112,1,2011,49.418308,-82.4701367,ON
THUNDER BAY,10432,17,2018,48.37426019999999,-89.3194986,ON
SIOUX LOOKOUT,7896,21,2011,50.1151029,-91.9027131,ON
TIMMINS,4437,4,2011,48.566513,-81.37204299999999,ON
SUDBURY,7708,10,2011,46.6228445,-80.7956531,ON
RED LAKE,3181,10,2016,51.0669864,-93.7941053,ON
KITCHENER,2066,3,2011,43.4557903,-80.3858475,ON
DRYDEN,1955,8,2011,49.8317438,-92.7445381,ON
FORT FRANCES,1221,2,2011,48.654167,-93.439722,ON
HOLMAN,310,2,2011,44.9334686,-93.0601241,ON
PICKLE LAKE,471,3,2013,51.44695249999999,-90.21150349999999,ON
GATINEAU,146,2,2017,45.5209515,-75.56147469999999,ON
FORT HOPE,864,4,2013,51.561711,-87.906953,ON
VAL D'OR,2690,8,2015,48.05348799999999,-77.783177,ON
KUUJJUARAPIK,1219,5,2011,55.2828293,-77.7581727,ON
VAL D'OR,2588,9,2016,48.05348799999999,-77.783177,ON
THUNDER BAY,11015,21,2011,48.37426019999999,-89.3194986,ON
OTTAWA INTL,46273,88,2011,45.319212,-75.66916520000001,ON
LESTER B. PEARSON,192335,373,2011,43.67771760000001,-79.6248197,ON
SACHIGO LAKE,549,3,2010,53.0641646,-93.3444368,ON
PICKLE LAKE,494,2,2010,51.44695249999999,-90.21150349999999,ON
SARNIA,1153,1,2010,42.9932232,-82.3062709,ON
NAKINA,1035,2,2005,50.1830527,-86.69728219999999,ON
ALMA,100,2,2010,43.323929,-84.6883677,ON
KASABONIKA,841,5,2010,53.524722,-88.642778,ON
WEBEQUIE,1425,5,2010,52.962098,-87.373893,ON
GODS NARROWS,1237,8,2018,54.5534811,-94.4816864,ON
FORT HOPE,2668,6,2010,51.561711,-87.906953,ON
FORT FRANCES,1210,2,2010,48.654167,-93.439722,ON
ATTAWAPISKAT,414,2,2013,52.9265542,-82.4304748,ON
KINGSTON,2462,2,2010,44.22349,-76.599458,ON
WEBEQUIE,2076,10,2008,52.962098,-87.373893,ON
SUDBURY,5936,9,2003,46.6228445,-80.7956531,ON
KASABONIKA,1150,7,2009,53.524722,-88.642778,ON
OTTAWA INTL,41565,73,2008,45.319212,-75.66916520000001,ON
STE THERESE POINT,65923,140,2015,53.8566437,-94.6524738,ON
NEMISCAU,516,2,2010,51.69103699999999,-76.13552589999999,ON
MOOSONEE,1089,3,2010,51.2897031,-80.6127405,ON
WASKAGANISH,1250,5,2010,51.4756741,-78.751764,ON
ATTAWAPISKAT,411,2,2010,52.9265542,-82.4304748,ON
SAULT STE-MARIE,5903,8,2012,46.485279,-84.500438,ON
KAPUSKASING,1403,1,2008,49.418308,-82.4701367,ON
HAMILTON,3321,14,2010,43.1685644,-79.9288234,ON
GILLAM,568,2,2010,56.357051,-94.705728,ON
PIKANGIKUM,1036,6,2003,51.820011,-93.974114,ON
FORT HOPE,1758,3,2006,51.561711,-87.906953,ON
TIMMINS,4519,4,2010,48.566513,-81.37204299999999,ON
SAULT STE-MARIE,4555,3,2010,46.485279,-84.500438,ON
EASTMAIN,622,2,2008,52.23078460000001,-78.5195816,ON
SANIKILUAQ,248,2,2010,56.53598599999999,-79.2461486,ON
VAL D'OR,2614,8,2014,48.05348799999999,-77.783177,ON
LANDSDOWNE HOUSE,389,4,2016,52.197559,-87.9351437,ON
HOLMAN,260,2,2008,44.9334686,-93.0601241,ON
SUDBURY,8113,6,2005,46.6228445,-80.7956531,ON
LESTER B. PEARSON,189365,383,2010,43.67771760000001,-79.6248197,ON
UMIUJAQ,598,2,2009,56.5392892,-76.5204693,ON
SACHIGO LAKE,730,3,2009,53.0641646,-93.3444368,ON
PIKANGIKUM,1351,6,2009,51.820011,-93.974114,ON
PICKLE LAKE,737,7,2009,51.44695249999999,-90.21150349999999,ON
WEMINDJI,379,3,2018,53.01061259999999,-78.8309781,ON
MUSKRAT DAM,852,3,2009,53.44177089999999,-91.761989,ON
HOLMAN,312,2,2010,44.9334686,-93.0601241,ON
GATINEAU,42,1,2009,45.5209515,-75.56147469999999,ON
SACHIGO LAKE,829,7,2008,53.0641646,-93.3444368,ON
GODS RIVER,110,4,2009,54.838142,-94.0564339,ON
WEBEQUIE,1939,9,2009,52.962098,-87.373893,ON
FORT HOPE,3172,6,2009,51.561711,-87.906953,ON
TIMMINS,4727,7,2015,48.566513,-81.37204299999999,ON
OTTAWA INTL,39497,110,2014,45.319212,-75.66916520000001,ON
FORT SEVERN,243,4,2004,56.0186303,-87.67922539999999,ON
ROUYN,1558,4,2009,48.2119059,-78.8292605,ON
SANDY LAKE,1097,5,2012,53.0641646,-93.3444368,ON
KITCHENER,345,2,2017,43.4557903,-80.3858475,ON
FORT SEVERN,352,4,2003,56.0186303,-87.67922539999999,ON
SANDY LAKE,958,9,2015,53.0641646,-93.3444368,ON
OTTAWA INTL,32091,60,2005,45.319212,-75.66916520000001,ON
KENORA,1323,6,2004,49.7867097,-94.3657982,ON
WEMINDJI,622,2,2003,53.01061259999999,-78.8309781,ON
KINGSTON,2700,4,2009,44.22349,-76.599458,ON
EASTMAIN,620,2,2009,52.23078460000001,-78.5195816,ON
VAL D'OR,2170,6,2009,48.05348799999999,-77.783177,ON
KAPUSKASING,1109,1,2010,49.418308,-82.4701367,ON
NEMISCAU,518,2,2009,51.69103699999999,-76.13552589999999,ON
ROUYN,1495,3,2011,48.2119059,-78.8292605,ON
MUSKRAT DAM,858,6,2003,53.44177089999999,-91.761989,ON
WEMINDJI,620,2,2009,53.01061259999999,-78.8309781,ON
WASKAGANISH,1290,5,2009,51.4756741,-78.751764,ON
SHAMATTAWA,682,3,2017,55.85942,-92.08208599999999,ON
HAMILTON,3842,21,2009,43.1685644,-79.9288234,ON
KENORA,1234,3,2005,49.7867097,-94.3657982,ON
NEMISCAU,516,2,2006,51.69103699999999,-76.13552589999999,ON
WEBEQUIE,379,4,2015,52.962098,-87.373893,ON
SIOUX LOOKOUT,8474,21,2009,50.1151029,-91.9027131,ON
SUDBURY,8016,6,2009,46.6228445,-80.7956531,ON
ATTAWAPISKAT,429,2,2005,52.9265542,-82.4304748,ON
RED LAKE,3787,8,2009,51.0669864,-93.7941053,ON
KENORA,1668,4,2009,49.7867097,-94.3657982,ON
NORTH BAY,2952,4,2013,46.3572071,-79.4270197,ON
KITCHENER,1721,3,2009,43.4557903,-80.3858475,ON
ROUYN,1692,4,2008,48.2119059,-78.8292605,ON
SAULT STE-MARIE,4333,3,2009,46.485279,-84.500438,ON
SACHIGO LAKE,574,2,2013,53.0641646,-93.3444368,ON
HOLMAN,299,3,2009,44.9334686,-93.0601241,ON
BIG TROUT LAKE,1480,8,2009,53.818763,-89.83509289999999,ON
FORT HOPE,3228,9,2008,51.561711,-87.906953,ON
VAL D'OR,2481,9,2003,48.05348799999999,-77.783177,ON
THUNDER BAY,9884,23,2004,48.37426019999999,-89.3194986,ON
SANIKILUAQ,155,1,2009,56.53598599999999,-79.2461486,ON
SIOUX LOOKOUT,5831,25,2003,50.1151029,-91.9027131,ON
REPULSE BAY,435,5,2010,43.67771760000001,-79.6248197,ON
KUUJJUARAPIK,1328,8,2009,55.2828293,-77.7581727,ON
LANDSDOWNE HOUSE,261,2,2018,52.197559,-87.9351437,ON
KINGSTON,2844,3,2007,44.22349,-76.599458,ON
THUNDER BAY,12137,19,2009,48.37426019999999,-89.3194986,ON
OTTAWA INTL,41439,73,2009,45.319212,-75.66916520000001,ON
GODS RIVER,1377,7,2008,54.838142,-94.0564339,ON
CAT LAKE,574,2,2012,51.7265404,-91.8282928,ON
HOLMAN,312,3,2013,44.9334686,-93.0601241,ON
OTTAWA INTL,43686,84,2010,45.319212,-75.66916520000001,ON
TIMMINS,4468,8,2016,48.566513,-81.37204299999999,ON
FORT FRANCES,1226,2,2008,48.654167,-93.439722,ON
PICKLE LAKE,872,7,2008,51.44695249999999,-90.21150349999999,ON
GATINEAU,89,1,2008,45.5209515,-75.56147469999999,ON
UMIUJAQ,483,3,2007,56.5392892,-76.5204693,ON
LANDSDOWNE HOUSE,2303,4,2009,52.197559,-87.9351437,ON
ISLAND LAKE/GARDEN HILL,1988,2,2008,41.9741625,-87.9073214,ON
SHAMATTAWA,64,1,2010,55.85942,-92.08208599999999,ON
PEAWANUCK,103,1,2008,54.98932600000001,-85.43906609999999,ON
LESTER B. PEARSON,199197,428,2013,43.67771760000001,-79.6248197,ON
DRYDEN,2303,6,2003,49.8317438,-92.7445381,ON
EASTMAIN,624,2,2016,52.23078460000001,-78.5195816,ON
MOOSONEE,894,3,2018,51.2897031,-80.6127405,ON
SHAMATTAWA,829,6,2008,55.85942,-92.08208599999999,ON
PICKLE LAKE,510,2,2011,51.44695249999999,-90.21150349999999,ON
GODS RIVER,1340,7,2007,54.838142,-94.0564339,ON
TIMMINS,4602,4,2007,48.566513,-81.37204299999999,ON
OTTAWA INTL,33896,67,2004,45.319212,-75.66916520000001,ON
KASABONIKA,1196,9,2008,53.524722,-88.642778,ON
HAMILTON,5279,39,2018,43.1685644,-79.9288234,ON
ROUYN,1970,7,2014,48.2119059,-78.8292605,ON
RED SUCKER LAKE,991,1,2007,54.1689608,-93.563234,ON
KINGSTON,2954,2,2008,44.22349,-76.599458,ON
GODS NARROWS,1979,6,2008,54.5534811,-94.4816864,ON
GILLAM,642,2,2008,56.357051,-94.705728,ON
BIG TROUT LAKE,995,5,2015,53.818763,-89.83509289999999,ON
ATTAWAPISKAT,416,2,2009,52.9265542,-82.4304748,ON
UMIUJAQ,726,3,2011,56.5392892,-76.5204693,ON
TIMMINS,4876,5,2014,48.566513,-81.37204299999999,ON
SANIKILUAQ,468,3,2018,56.53598599999999,-79.2461486,ON
VAL D'OR,1799,5,2008,48.05348799999999,-77.783177,ON
NEMISCAU,518,2,2008,51.69103699999999,-76.13552589999999,ON
WEMINDJI,624,2,2005,53.01061259999999,-78.8309781,ON
WEMINDJI,622,2,2008,53.01061259999999,-78.8309781,ON
MOOSONEE,1130,3,2008,51.2897031,-80.6127405,ON
SAULT STE-MARIE,4583,6,2014,46.485279,-84.500438,ON
BIG TROUT LAKE,967,6,2013,53.818763,-89.83509289999999,ON
TIMMINS,4575,4,2009,48.566513,-81.37204299999999,ON
NAKINA,1047,2,2008,50.1830527,-86.69728219999999,ON
ATTAWAPISKAT,414,2,2008,52.9265542,-82.4304748,ON
PEAWANUCK,103,1,2003,54.98932600000001,-85.43906609999999,ON
SANDY LAKE,893,6,2003,53.0641646,-93.3444368,ON
PIKANGIKUM,1094,5,2011,51.820011,-93.974114,ON
MOOSONEE,1169,3,2005,51.2897031,-80.6127405,ON
NORTH BAY,2616,3,2008,46.3572071,-79.4270197,ON
LESTER B. PEARSON,186728,330,2007,43.67771760000001,-79.6248197,ON
RED LAKE,3862,10,2008,51.0669864,-93.7941053,ON
UMIUJAQ,648,3,2010,56.5392892,-76.5204693,ON
ATTAWAPISKAT,672,4,2016,52.9265542,-82.4304748,ON
PEAWANUCK,104,1,2015,54.98932600000001,-85.43906609999999,ON
NEMISCAU,517,2,2007,51.69103699999999,-76.13552589999999,ON
SHAMATTAWA,391,3,2006,55.85942,-92.08208599999999,ON
SACHIGO LAKE,858,7,2003,53.0641646,-93.3444368,ON
ROUYN,1202,2,2005,48.2119059,-78.8292605,ON
VAL D'OR,2234,6,2012,48.05348799999999,-77.783177,ON
KUUJJUARAPIK,1376,7,2008,55.2828293,-77.7581727,ON
ATTAWAPISKAT,413,2,2007,52.9265542,-82.4304748,ON
RED LAKE,4014,12,2011,51.0669864,-93.7941053,ON
THUNDER BAY,12106,22,2008,48.37426019999999,-89.3194986,ON
OTTAWA INTL,37755,111,2015,45.319212,-75.66916520000001,ON
VAL D'OR,2164,6,2010,48.05348799999999,-77.783177,ON
PIKANGIKUM,156,1,2005,51.820011,-93.974114,ON
WINDSOR,2267,1,2007,42.2715029,-82.9582822,ON
FORT SEVERN,183,2,2007,56.0186303,-87.67922539999999,ON
PIKANGIKUM,660,6,2014,51.820011,-93.974114,ON
SUDBURY,7486,7,2010,46.6228445,-80.7956531,ON
VAL D'OR,2220,6,2011,48.05348799999999,-77.783177,ON
FORT HOPE,467,5,2014,51.561711,-87.906953,ON
ISLAND LAKE/GARDEN HILL,1982,2,2007,41.9741625,-87.9073214,ON
ISLAND LAKE/GARDEN HILL,1148,3,2016,41.9741625,-87.9073214,ON
SHAMATTAWA,557,2,2003,55.85942,-92.08208599999999,ON
NAKINA,1099,2,2004,50.1830527,-86.69728219999999,ON
WASKAGANISH,1340,6,2014,51.4756741,-78.751764,ON
WEBEQUIE,1275,11,2007,52.962098,-87.373893,ON
LANDSDOWNE HOUSE,1748,6,2007,52.197559,-87.9351437,ON
SIOUX LOOKOUT,6523,26,2015,50.1151029,-91.9027131,ON
NORTH BAY,1882,5,2015,46.3572071,-79.4270197,ON
FORT HOPE,2453,8,2007,51.561711,-87.906953,ON
REPULSE BAY,576,4,2008,43.67771760000001,-79.6248197,ON
MOOSONEE,1225,2,2017,51.2897031,-80.6127405,ON
MOOSONEE,1229,3,2004,51.2897031,-80.6127405,ON
FORT FRANCES,847,2,2003,48.654167,-93.439722,ON
HOLMAN,260,2,2004,44.9334686,-93.0601241,ON
KITCHENER,2268,3,2008,43.4557903,-80.3858475,ON
RED LAKE,3004,8,2015,51.0669864,-93.7941053,ON
WEBEQUIE,736,3,2012,52.962098,-87.373893,ON
PEAWANUCK,104,1,2004,54.98932600000001,-85.43906609999999,ON
SANDY LAKE,608,8,2004,53.0641646,-93.3444368,ON
ATTAWAPISKAT,702,2,2003,52.9265542,-82.4304748,ON
GODS RIVER,100,2,2005,54.838142,-94.0564339,ON
KASABONIKA,836,5,2012,53.524722,-88.642778,ON
VAL D'OR,1576,5,2007,48.05348799999999,-77.783177,ON
WEMINDJI,621,2,2007,53.01061259999999,-78.8309781,ON
REPULSE BAY,577,4,2007,43.67771760000001,-79.6248197,ON
HAMILTON,2929,19,2013,43.1685644,-79.9288234,ON
GILLAM,548,2,2007,56.357051,-94.705728,ON
FOND DU LAC,99,3,2017,43.7696897,-88.4842863,ON
KAPUSKASING,1077,1,2007,49.418308,-82.4701367,ON
KUUJJUARAPIK,1166,8,2003,55.2828293,-77.7581727,ON
SUDBURY,8864,6,2007,46.6228445,-80.7956531,ON
KAPUSKASING,1257,1,2009,49.418308,-82.4701367,ON
KENORA,1445,3,2007,49.7867097,-94.3657982,ON
KITCHENER,1409,3,2007,43.4557903,-80.3858475,ON
FORT FRANCES,1211,2,2007,48.654167,-93.439722,ON
ALMA,731,2,2013,43.323929,-84.6883677,ON
UMIUJAQ,521,3,2005,56.5392892,-76.5204693,ON
FORT FRANCES,903,2,2004,48.654167,-93.439722,ON
DRYDEN,1790,5,2005,49.8317438,-92.7445381,ON
KUUJJUARAPIK,1294,5,2018,55.2828293,-77.7581727,ON
NAKINA,1001,2,2006,50.1830527,-86.69728219999999,ON
SHAMATTAWA,85,3,2015,55.85942,-92.08208599999999,ON
SANIKILUAQ,172,1,2007,56.53598599999999,-79.2461486,ON
RED SUCKER LAKE,994,1,2008,54.1689608,-93.563234,ON
FORT ALBANY,711,2,2018,52.2052291,-81.6882971,ON
NORTH BAY,2429,4,2011,46.3572071,-79.4270197,ON
KAPUSKASING,142,1,2017,49.418308,-82.4701367,ON
VAL D'OR,1605,4,2005,48.05348799999999,-77.783177,ON
KENORA,1252,3,2013,49.7867097,-94.3657982,ON
WEBEQUIE,927,4,2011,52.962098,-87.373893,ON
KENORA,1560,4,2008,49.7867097,-94.3657982,ON
GODS RIVER,327,4,2006,54.838142,-94.0564339,ON
ISLAND LAKE/GARDEN HILL,498,2,2006,41.9741625,-87.9073214,ON
EASTMAIN,618,2,2010,52.23078460000001,-78.5195816,ON
RED SUCKER LAKE,84,1,2009,54.1689608,-93.563234,ON
WEBEQUIE,625,1,2006,52.962098,-87.373893,ON
SANDY LAKE,1562,10,2016,53.0641646,-93.3444368,ON
ISLAND LAKE/GARDEN HILL,159,3,2005,41.9741625,-87.9073214,ON
WASKAGANISH,1190,4,2011,51.4756741,-78.751764,ON
BUTTONVILLE,811,2,2004,43.8618446,-79.3695644,ON
KITCHENER,1591,3,2010,43.4557903,-80.3858475,ON
SAULT STE-MARIE,4088,3,2007,46.485279,-84.500438,ON
LESTER B. PEARSON,157985,334,2003,43.67771760000001,-79.6248197,ON
EASTMAIN,374,2,2018,52.23078460000001,-78.5195816,ON
MOOSONEE,1129,3,2009,51.2897031,-80.6127405,ON
NEMISCAU,523,2,2005,51.69103699999999,-76.13552589999999,ON
PIKANGIKUM,1412,9,2008,51.820011,-93.974114,ON
EASTMAIN,622,2,2006,52.23078460000001,-78.5195816,ON
PEAWANUCK,103,1,2006,54.98932600000001,-85.43906609999999,ON
WEMINDJI,622,2,2006,53.01061259999999,-78.8309781,ON
HAMILTON,6566,20,2006,43.1685644,-79.9288234,ON
TIMMINS,3879,8,2018,48.566513,-81.37204299999999,ON
KUUJJUARAPIK,1248,6,2010,55.2828293,-77.7581727,ON
HAMILTON,3280,25,2016,43.1685644,-79.9288234,ON
REPULSE BAY,626,5,2006,43.67771760000001,-79.6248197,ON
NORTH BAY,1988,5,2014,46.3572071,-79.4270197,ON
PIKANGIKUM,1060,6,2010,51.820011,-93.974114,ON
MOOSONEE,1055,3,2015,51.2897031,-80.6127405,ON
SARNIA,1061,1,2005,42.9932232,-82.3062709,ON
GODS NARROWS,635,2,2003,54.5534811,-94.4816864,ON
BUTTONVILLE,1829,2,2003,43.8618446,-79.3695644,ON
KAPUSKASING,859,1,2006,49.418308,-82.4701367,ON
SANIKILUAQ,180,1,2008,56.53598599999999,-79.2461486,ON
SAULT STE-MARIE,3920,3,2006,46.485279,-84.500438,ON
OTTAWA INTL,32194,60,2006,45.319212,-75.66916520000001,ON
ROUYN,2081,6,2013,48.2119059,-78.8292605,ON
SIOUX LOOKOUT,5705,29,2007,50.1151029,-91.9027131,ON
LESTER B. PEARSON,172065,330,2004,43.67771760000001,-79.6248197,ON
UMIUJAQ,797,3,2015,56.5392892,-76.5204693,ON
LANDSDOWNE HOUSE,1288,2,2005,52.197559,-87.9351437,ON
SACHIGO LAKE,448,7,2007,53.0641646,-93.3444368,ON
NAKINA,1043,2,2009,50.1830527,-86.69728219999999,ON
TIMMINS,5378,5,2012,48.566513,-81.37204299999999,ON
SUDBURY,8766,6,2006,46.6228445,-80.7956531,ON
FORT FRANCES,1231,3,2009,48.654167,-93.439722,ON
WINDSOR,3548,8,2014,42.2715029,-82.9582822,ON
SARNIA,1468,3,2003,42.9932232,-82.3062709,ON
FOND DU LAC,799,2,2006,43.7696897,-88.4842863,ON
SAULT STE-MARIE,4219,3,2008,46.485279,-84.500438,ON
RED LAKE,3842,10,2010,51.0669864,-93.7941053,ON
THUNDER BAY,9999,22,2014,48.37426019999999,-89.3194986,ON
WASKAGANISH,1390,5,2003,51.4756741,-78.751764,ON
LANDSDOWNE HOUSE,525,3,2015,52.197559,-87.9351437,ON
BIG TROUT LAKE,1527,9,2008,53.818763,-89.83509289999999,ON
KASABONIKA,303,3,2005,53.524722,-88.642778,ON
REPULSE BAY,965,9,2003,43.67771760000001,-79.6248197,ON
PICKLE LAKE,476,3,2014,51.44695249999999,-90.21150349999999,ON
BIG TROUT LAKE,1154,6,2010,53.818763,-89.83509289999999,ON
KASABONIKA,1358,7,2003,53.524722,-88.642778,ON
WEBEQUIE,663,2,2005,52.962098,-87.373893,ON
FORT HOPE,1785,3,2005,51.561711,-87.906953,ON
KITCHENER,1005,1,2005,43.4557903,-80.3858475,ON
LANDSDOWNE HOUSE,1250,2,2006,52.197559,-87.9351437,ON
SIOUX LOOKOUT,7257,32,2016,50.1151029,-91.9027131,ON
GODS RIVER,635,2,2003,54.838142,-94.0564339,ON
THUNDER BAY,10552,21,2013,48.37426019999999,-89.3194986,ON
WINDSOR,2442,2,2005,42.2715029,-82.9582822,ON
KUUJJUARAPIK,1370,7,2007,55.2828293,-77.7581727,ON
RED LAKE,2015,4,2005,51.0669864,-93.7941053,ON
CAT LAKE,283,2,2007,51.7265404,-91.8282928,ON
HOLMAN,313,3,2015,44.9334686,-93.0601241,ON
NORTH BAY,2454,4,2007,46.3572071,-79.4270197,ON
NORTH BAY,2339,3,2010,46.3572071,-79.4270197,ON
PIKANGIKUM,1097,5,2012,51.820011,-93.974114,ON
TIMMINS,4175,7,2017,48.566513,-81.37204299999999,ON
PEAWANUCK,104,1,2005,54.98932600000001,-85.43906609999999,ON
SANDY LAKE,156,1,2005,53.0641646,-93.3444368,ON
KASABONIKA,766,9,2004,53.524722,-88.642778,ON
FOND DU LAC,1471,5,2003,43.7696897,-88.4842863,ON
HOLMAN,259,2,2006,44.9334686,-93.0601241,ON
LESTER B. PEARSON,192086,354,2008,43.67771760000001,-79.6248197,ON
NAKINA,1044,2,2007,50.1830527,-86.69728219999999,ON
SARNIA,1273,3,2009,42.9932232,-82.3062709,ON
FORT HOPE,340,4,2017,51.561711,-87.906953,ON
DRYDEN,1966,4,2008,49.8317438,-92.7445381,ON
KINGSTON,1728,2,2006,44.22349,-76.599458,ON
EASTMAIN,621,2,2007,52.23078460000001,-78.5195816,ON
MUSKRAT DAM,781,3,2011,53.44177089999999,-91.761989,ON
FORT ALBANY,650,2,2005,52.2052291,-81.6882971,ON
SHAMATTAWA,237,2,2005,55.85942,-92.08208599999999,ON
KENORA,1521,3,2012,49.7867097,-94.3657982,ON
BIG TROUT LAKE,199,2,2005,53.818763,-89.83509289999999,ON
GODS NARROWS,450,4,2006,54.5534811,-94.4816864,ON
NEMISCAU,689,5,2003,51.69103699999999,-76.13552589999999,ON
SIOUX LOOKOUT,7810,19,2010,50.1151029,-91.9027131,ON
FORT FRANCES,1071,4,2015,48.654167,-93.439722,ON
BIG TROUT LAKE,104,1,2006,53.818763,-89.83509289999999,ON
HAMILTON,2878,16,2011,43.1685644,-79.9288234,ON
SAULT STE-MARIE,3508,3,2005,46.485279,-84.500438,ON
SARNIA,1070,2,2007,42.9932232,-82.3062709,ON
LANDSDOWNE HOUSE,1876,6,2003,52.197559,-87.9351437,ON
CAT LAKE,1121,4,2003,51.7265404,-91.8282928,ON
SIOUX LOOKOUT,4924,37,2004,50.1151029,-91.9027131,ON
FORT ALBANY,1215,2,2003,52.2052291,-81.6882971,ON
WINDSOR,2162,1,2009,42.2715029,-82.9582822,ON
GILLAM,305,2,2004,56.357051,-94.705728,ON
CAT LAKE,378,5,2004,51.7265404,-91.8282928,ON
HOLMAN,257,2,2005,44.9334686,-93.0601241,ON
KITCHENER,1019,1,2006,43.4557903,-80.3858475,ON
ISLAND LAKE/GARDEN HILL,648,3,2003,41.9741625,-87.9073214,ON
REPULSE BAY,290,4,2009,43.67771760000001,-79.6248197,ON
FORT HOPE,1036,5,2011,51.561711,-87.906953,ON
VAL D'OR,2436,7,2004,48.05348799999999,-77.783177,ON
ISLAND LAKE/GARDEN HILL,168,2,2009,41.9741625,-87.9073214,ON
KUUJJUARAPIK,1248,8,2005,55.2828293,-77.7581727,ON
KITCHENER,1045,7,2015,43.4557903,-80.3858475,ON
BIG TROUT LAKE,1855,10,2003,53.818763,-89.83509289999999,ON
THUNDER BAY,9471,14,2005,48.37426019999999,-89.3194986,ON
LESTER B. PEARSON,175049,346,2005,43.67771760000001,-79.6248197,ON
SANIKILUAQ,187,2,2006,56.53598599999999,-79.2461486,ON
WASKAGANISH,1328,6,2013,51.4756741,-78.751764,ON
KUUJJUARAPIK,1295,7,2006,55.2828293,-77.7581727,ON
FOND DU LAC,863,4,2005,43.7696897,-88.4842863,ON
HAMILTON,8950,24,2003,43.1685644,-79.9288234,ON
KENORA,1646,3,2011,49.7867097,-94.3657982,ON
LESTER B. PEARSON,179269,326,2006,43.67771760000001,-79.6248197,ON
BIG TROUT LAKE,932,9,2007,53.818763,-89.83509289999999,ON
NORTH BAY,2556,3,2009,46.3572071,-79.4270197,ON
SHAMATTAWA,804,4,2007,55.85942,-92.08208599999999,ON
FORT SEVERN,365,2,2018,56.0186303,-87.67922539999999,ON
WASKAGANISH,1291,5,2006,51.4756741,-78.751764,ON
KINGSTON,2222,6,2003,44.22349,-76.599458,ON
FORT ALBANY,622,2,2006,52.2052291,-81.6882971,ON
ROUYN,1452,5,2006,48.2119059,-78.8292605,ON
ROUYN,2161,5,2003,48.2119059,-78.8292605,ON
SIOUX LOOKOUT,7012,26,2014,50.1151029,-91.9027131,ON
ATTAWAPISKAT,486,2,2004,52.9265542,-82.4304748,ON
GILLAM,626,2,2013,56.357051,-94.705728,ON
PICKLE LAKE,360,2,2015,51.44695249999999,-90.21150349999999,ON
DRYDEN,1902,5,2006,49.8317438,-92.7445381,ON
GILLAM,627,2,2016,56.357051,-94.705728,ON
FORT ALBANY,620,2,2015,52.2052291,-81.6882971,ON
RED LAKE,2933,10,2018,51.0669864,-93.7941053,ON
SIOUX LOOKOUT,8292,32,2008,50.1151029,-91.9027131,ON
CAT LAKE,576,2,2008,51.7265404,-91.8282928,ON
THUNDER BAY,9692,22,2015,48.37426019999999,-89.3194986,ON
ROUYN,2111,4,2004,48.2119059,-78.8292605,ON
WINDSOR,2283,1,2006,42.2715029,-82.9582822,ON
EASTMAIN,624,2,2005,52.23078460000001,-78.5195816,ON
THUNDER BAY,11444,23,2012,48.37426019999999,-89.3194986,ON
WINDSOR,2589,2,2004,42.2715029,-82.9582822,ON
BIG TROUT LAKE,1149,6,2012,53.818763,-89.83509289999999,ON
LANDSDOWNE HOUSE,731,5,2013,52.197559,-87.9351437,ON
WEBEQUIE,1129,11,2004,52.962098,-87.373893,ON
ROUYN,1537,6,2016,48.2119059,-78.8292605,ON
REPULSE BAY,675,5,2005,43.67771760000001,-79.6248197,ON
WASKAGANISH,1268,5,2012,51.4756741,-78.751764,ON
MUSKRAT DAM,864,6,2008,53.44177089999999,-91.761989,ON
KENORA,1009,3,2018,49.7867097,-94.3657982,ON
ALMA,451,3,2012,43.323929,-84.6883677,ON
UMIUJAQ,524,4,2004,56.5392892,-76.5204693,ON
VAL D'OR,1667,5,2006,48.05348799999999,-77.783177,ON
GODS NARROWS,628,2,2004,54.5534811,-94.4816864,ON
THUNDER BAY,9710,18,2003,48.37426019999999,-89.3194986,ON
ATTAWAPISKAT,414,2,2006,52.9265542,-82.4304748,ON
UMIUJAQ,437,3,2006,56.5392892,-76.5204693,ON
NEMISCAU,373,2,2017,51.69103699999999,-76.13552589999999,ON
SARNIA,1293,1,2011,42.9932232,-82.3062709,ON
WEMINDJI,624,2,2004,53.01061259999999,-78.8309781,ON
SANIKILUAQ,467,3,2017,56.53598599999999,-79.2461486,ON
WASKAGANISH,1454,5,2004,51.4756741,-78.751764,ON
WEBEQUIE,1254,6,2003,52.962098,-87.373893,ON
RED LAKE,3168,8,2003,51.0669864,-93.7941053,ON
FORT HOPE,439,5,2016,51.561711,-87.906953,ON
NAKINA,86,2,2011,50.1830527,-86.69728219999999,ON
SAULT STE-MARIE,3588,3,2004,46.485279,-84.500438,ON
WASKAGANISH,1303,5,2005,51.4756741,-78.751764,ON
RED SUCKER LAKE,517,6,2018,54.1689608,-93.563234,ON
KUUJJUARAPIK,1401,6,2016,55.2828293,-77.7581727,ON
NEMISCAU,676,2,2004,51.69103699999999,-76.13552589999999,ON
UMIUJAQ,732,3,2012,56.5392892,-76.5204693,ON
GODS NARROWS,100,2,2005,54.5534811,-94.4816864,ON
KAPUSKASING,1173,1,2004,49.418308,-82.4701367,ON
SUDBURY,6875,7,2004,46.6228445,-80.7956531,ON
RED LAKE,2594,8,2004,51.0669864,-93.7941053,ON
LANDSDOWNE HOUSE,1691,6,2004,52.197559,-87.9351437,ON
FORT HOPE,2267,8,2004,51.561711,-87.906953,ON
SHAMATTAWA,471,2,2004,55.85942,-92.08208599999999,ON
FOND DU LAC,1405,4,2004,43.7696897,-88.4842863,ON
MUSKRAT DAM,709,5,2014,53.44177089999999,-91.761989,ON
TIMMINS,3638,5,2003,48.566513,-81.37204299999999,ON
KENORA,1187,4,2003,49.7867097,-94.3657982,ON
GODS RIVER,1089,10,2018,54.838142,-94.0564339,ON
KENORA,1577,3,2010,49.7867097,-94.3657982,ON
UMIUJAQ,568,2,2008,56.5392892,-76.5204693,ON
ISLAND LAKE/GARDEN HILL,995,3,2004,41.9741625,-87.9073214,ON
PEAWANUCK,104,1,2016,54.98932600000001,-85.43906609999999,ON
UMIUJAQ,519,4,2003,56.5392892,-76.5204693,ON
RED SUCKER LAKE,249,1,2006,54.1689608,-93.563234,ON
LESTER B. PEARSON,200577,473,2014,43.67771760000001,-79.6248197,ON
WEBEQUIE,554,7,2017,52.962098,-87.373893,ON
SARNIA,1295,1,2004,42.9932232,-82.3062709,ON
DRYDEN,1875,6,2004,49.8317438,-92.7445381,ON
SARNIA,1053,2,2006,42.9932232,-82.3062709,ON
CAT LAKE,565,2,2009,51.7265404,-91.8282928,ON
PICKLE LAKE,563,5,2017,51.44695249999999,-90.21150349999999,ON
PIKANGIKUM,1096,8,2004,51.820011,-93.974114,ON
HOLMAN,259,3,2017,44.9334686,-93.0601241,ON
MUSKRAT DAM,504,9,2004,53.44177089999999,-91.761989,ON
SIOUX LOOKOUT,2713,8,2005,50.1151029,-91.9027131,ON
SAULT STE-MARIE,3795,5,2003,46.485279,-84.500438,ON
ATTAWAPISKAT,448,3,2015,52.9265542,-82.4304748,ON
SANDY LAKE,1101,7,2010,53.0641646,-93.3444368,ON
PEAWANUCK,102,1,2010,54.98932600000001,-85.43906609999999,ON
THUNDER BAY,10736,29,2016,48.37426019999999,-89.3194986,ON
ISLAND LAKE/GARDEN HILL,126,2,2015,41.9741625,-87.9073214,ON
FORT HOPE,2450,7,2003,51.561711,-87.906953,ON
THUNDER BAY,11358,20,2010,48.37426019999999,-89.3194986,ON
FORT SEVERN,336,2,2016,56.0186303,-87.67922539999999,ON
MUSKRAT DAM,552,4,2017,53.44177089999999,-91.761989,ON
FORT SEVERN,313,2,2012,56.0186303,-87.67922539999999,ON
HAMILTON,5658,27,2005,43.1685644,-79.9288234,ON
WINDSOR,2645,3,2003,42.2715029,-82.9582822,ON
DRYDEN,1870,4,2010,49.8317438,-92.7445381,ON
PIKANGIKUM,685,7,2007,51.820011,-93.974114,ON
FORT SEVERN,314,2,2008,56.0186303,-87.67922539999999,ON
HAMILTON,7289,26,2004,43.1685644,-79.9288234,ON
TIMMINS,4318,4,2005,48.566513,-81.37204299999999,ON
FORT FRANCES,1114,3,2017,48.654167,-93.439722,ON
TORONTO ISLAND,65579,138,2016,43.6284819,-79.3959577,ON
THUNDER BAY,11861,19,2007,48.37426019999999,-89.3194986,ON
FORT ALBANY,681,2,2017,52.2052291,-81.6882971,ON
ROUYN,1678,6,2012,48.2119059,-78.8292605,ON
TIMMINS,4752,6,2004,48.566513,-81.37204299999999,ON
HOLMAN,258,2,2003,44.9334686,-93.0601241,ON
SANIKILUAQ,306,2,2013,56.53598599999999,-79.2461486,ON
RED SUCKER LAKE,94,4,2015,54.1689608,-93.563234,ON
MOOSONEE,1014,3,2013,51.2897031,-80.6127405,ON
EASTMAIN,624,2,2004,52.23078460000001,-78.5195816,ON
HAMILTON,6510,30,2007,43.1685644,-79.9288234,ON
NAKINA,1096,2,2003,50.1830527,-86.69728219999999,ON
BIG TROUT LAKE,938,6,2017,53.818763,-89.83509289999999,ON
SANIKILUAQ,236,3,2004,56.53598599999999,-79.2461486,ON
WASKAGANISH,894,4,2018,51.4756741,-78.751764,ON
HOLMAN,271,2,2007,44.9334686,-93.0601241,ON
NORTH BAY,2040,4,2017,46.3572071,-79.4270197,ON
MUSKRAT DAM,104,1,2005,53.44177089999999,-91.761989,ON
FORT SEVERN,312,3,2014,56.0186303,-87.67922539999999,ON
REPULSE BAY,838,6,2004,43.67771760000001,-79.6248197,ON
KAPUSKASING,1052,1,2005,49.418308,-82.4701367,ON
KAPUSKASING,664,1,2003,49.418308,-82.4701367,ON
WEMINDJI,618,2,2010,53.01061259999999,-78.8309781,ON
PICKLE LAKE,1013,5,2003,51.44695249999999,-90.21150349999999,ON
NORTH BAY,2171,4,2005,46.3572071,-79.4270197,ON
ATTAWAPISKAT,571,3,2017,52.9265542,-82.4304748,ON
GILLAM,261,2,2003,56.357051,-94.705728,ON
NORTH BAY,2686,5,2003,46.3572071,-79.4270197,ON
SANIKILUAQ,209,4,2005,56.53598599999999,-79.2461486,ON
MUSKRAT DAM,966,4,2013,53.44177089999999,-91.761989,ON
MOOSONEE,1364,3,2003,51.2897031,-80.6127405,ON
SACHIGO LAKE,411,7,2004,53.0641646,-93.3444368,ON
GODS NARROWS,155,4,2009,54.5534811,-94.4816864,ON
WEMINDJI,720,2,2012,53.01061259999999,-78.8309781,ON
SANIKILUAQ,209,2,2003,56.53598599999999,-79.2461486,ON
PICKLE LAKE,480,7,2007,51.44695249999999,-90.21150349999999,ON
