,index,Unnamed: 0,lat,lng,city,state,date,year,month,Airport Name,Lat Airport,Lng Airport,Distance
0,1,1,51.266667,-80.64999990000003,Moosonee (Canada),ON,2007-01-18T17:30:00.000Z,2007,1,Moosonee Airport,51.289703100000004,-80.6127405,3.650674624323956
1,2,2,52.9239892,-82.4283488428012,Attawapiskat (Canada),ON,2012-10-08T21:45:00.000Z,2012,10,Attawapiskat Airport,52.9265542,-82.4304748,0.31925179214521404
2,3,3,50.1785158,-86.71333100000003,Northern Canada,ON,1995-02-06T01:00:00.000Z,1995,2,Hutchison Lake Waterdrome,49.78478,-86.94001899999998,46.715300489185864
3,4,4,48.7738991,-91.6386031,Atikokan (Canada),ON,2010-09-28T22:00:00.000Z,2010,9,Atikokan Airport,48.77129629999999,-91.6373615,0.3034921296910907
4,5,5,48.7162203,-86.3758953,Marathon,ON,2014-06-14T22:00:00.000Z,2014,6,Marathon Airport,48.759111299999994,-86.3489556,5.16492070412573
5,6,6,48.42759375,-89.2994614781394,"Thunderbay, Ontario (Canada)",ON,2003-03-11T03:00:00.000Z,2003,3,Helipad,48.42330379999999,-89.26975949999998,2.249399993886766
6,7,7,49.1055984,-81.0136031,Cochrane (Canada),ON,2012-09-04T22:00:00.000Z,2012,9,Iroquois Falls Airport,48.74172000000001,-80.793052,43.5746558952368
7,8,8,49.5288403,-84.5630623171128,Angus (Canada),ON,2000-08-21T03:30:00.000Z,2000,8,Carey Lake Airport,49.743919,-84.03337700000002,45.1241789595034
8,9,9,48.4061651,-89.2591414,Thunder Bay (Canada),ON,2014-08-10T04:45:00.000Z,2014,8,Helipad,48.42330379999999,-89.26975949999998,2.061520194768353
9,10,10,47.8209323,-83.35498570000001,Chapleau (Canada),ON,2009-09-23T22:00:00.000Z,2009,9,Five Mile Lake Waterdrome,47.558096000000006,-83.22145400000001,30.894803008318934
10,11,11,48.763729100000006,-80.66865909999999,Iroquois Falls (Canada),ON,2008-02-07T00:10:00.000Z,2008,2,Iroquois Falls Airport,48.74172000000001,-80.793052,9.468811443732493
11,12,12,49.1994786,-84.78911640000003,Cedar Point (Canada),ON,1987-06-20T12:15:00.000Z,1987,6,Granitehill Lake Waterdrome,49.098704999999995,-85.200293,32.02183094551241
12,13,13,44.9071092,-78.3792499,Gooderham (Canada),ON,2006-08-20T01:01:00.000Z,2006,8,Pencil Lake Waterdrome,44.80638,-78.35121699999998,11.411131826101164
13,14,14,47.3940148,-79.6870887,Cobalt (Canada),ON,2001-08-14T23:30:00.000Z,2001,8,Earlton-Timiskaming Airport,47.6975411,-79.84918259999998,35.88476545496698
14,15,15,48.763729100000006,-80.66865909999999,Iroquois Falls (Canada),ON,2014-08-09T21:45:00.000Z,2014,8,Iroquois Falls Airport,48.74172000000001,-80.793052,9.468811443732493
15,16,16,44.4363439,-81.3866142,Saugeen Shores (Canada),ON,2011-09-03T21:30:00.000Z,2011,9,Southampton Airport,44.494808,-81.336766,7.611893757760199
16,17,17,50.0000002,-86.0,Canada,ON,2006-11-06T00:00:00.000Z,2006,11,Lower Twin Lake Waterdrome,50.158333,-86.587222,45.57246636916082
17,18,18,50.097436,-91.9165156,Sioux Lookout (Canada),ON,2009-03-07T23:00:00.000Z,2009,3,Sioux Lookout Heliport,50.0761876,-91.91841240000001,2.367370340582081
18,19,19,50.097436,-91.9165156,Sioux Lookout (Canada),ON,2007-10-20T20:45:00.000Z,2007,10,Sioux Lookout Heliport,50.0761876,-91.91841240000001,2.367370340582081
19,20,20,48.763729100000006,-80.66865909999999,Iroquois Falls (Canada),ON,2010-01-25T01:00:00.000Z,2010,1,Iroquois Falls Airport,48.74172000000001,-80.793052,9.468811443732493
20,21,21,48.763729100000006,-80.66865909999999,Iroquois Falls (Canada),ON,2007-10-13T01:59:00.000Z,2007,10,Iroquois Falls Airport,48.74172000000001,-80.793052,9.468811443732493
21,22,22,50.097436,-91.9165156,Sioux Lookout (Canada),ON,2007-09-15T05:49:00.000Z,2007,9,Sioux Lookout Heliport,50.0761876,-91.91841240000001,2.367370340582081
22,23,23,48.763729100000006,-80.66865909999999,Iroquois Falls (Canada),ON,2002-08-12T22:30:00.000Z,2002,8,Iroquois Falls Airport,48.74172000000001,-80.793052,9.468811443732493
23,24,24,48.4902991,-81.3342007,Lavigne (Canada),ON,1979-06-15T21:30:00.000Z,1979,6,Iroquois Falls Airport,48.74172000000001,-80.793052,48.72061528479823
24,25,25,48.6530506,-93.8267063,Emo (Canada),ON,2005-08-04T23:30:00.000Z,2005,8,Burditt Lake Waterdome,48.918707,-93.799182,29.61163364959034
25,26,26,49.8581032,-92.7973325,Dryden (Canada),ON,1973-07-05T15:00:00.000Z,1973,7,Eagle River Airport,49.755590000000005,-93.140268,27.19142122098461
26,27,27,48.4760636,-81.3283354,Timmins (Canada),ON,2013-09-21T22:30:00.000Z,2013,9,Iroquois Falls Airport,48.74172000000001,-80.793052,49.303482132175716
27,28,28,49.51988855,-84.56832260241299,Eagle (Canada),ON,2007-10-08T21:00:00.000Z,2007,10,Carey Lake Airport,49.743919,-84.03337700000002,45.98162655817303
28,29,29,43.2141636,-81.3005688,Granton (Canada),ON,2010-09-11T10:30:00.000Z,2010,9,Centralia/James T. Field Memorial Aerodrome,43.287614399999995,-81.50684059999998,18.632900134564412
29,30,30,48.4760636,-81.3283354,Timmins (Canada),ON,2012-08-18T22:30:00.000Z,2012,8,Iroquois Falls Airport,48.74172000000001,-80.793052,49.303482132175716
30,31,31,48.4760636,-81.3283354,Timmins (Canada),ON,2013-06-22T23:55:00.000Z,2013,6,Iroquois Falls Airport,48.74172000000001,-80.793052,49.303482132175716
31,32,32,45.47828060000001,-75.5592525,Ottawa (Orleans) (Canada),ON,1990-09-30T18:00:00.000Z,1990,9,Cascades Water Aerodrome,45.585833,-75.86805600000001,26.921139708227525
32,33,33,49.778224,-86.5396059,Longlac (Canada),ON,2007-06-17T01:00:00.000Z,2007,6,Hutchison Lake Waterdrome,49.78478,-86.94001899999998,28.846999780578454
33,34,34,46.6667476,-80.7497966,Skead (Canada),ON,2015-06-01T01:00:00.000Z,2015,6,Greater Sudbury Airport,46.6228445,-80.7956531,6.011968576479529
34,35,35,48.4760636,-81.3283354,Timmins (Canada),ON,2011-07-17T14:38:00.000Z,2011,7,Iroquois Falls Airport,48.74172000000001,-80.793052,49.303482132175716
35,37,37,46.1770206,-77.6945747,Rolphton (Canada),ON,1997-06-01T19:30:00.000Z,1997,6,Deep River Airport,46.1164768,-77.5271121,14.583454167897822
36,38,38,48.4760636,-81.3283354,Timmins (Canada),ON,2012-07-22T00:30:00.000Z,2012,7,Iroquois Falls Airport,48.74172000000001,-80.793052,49.303482132175716
37,39,39,44.1109889,-81.7143373,Bruce Beach (Canada),ON,2013-06-22T22:55:00.000Z,2013,6,Kincardine/Shepherd's Landing Airport,44.1175,-81.69833299999998,1.4713386619714817
38,40,40,49.778224,-86.5396059,Longlac (Canada),ON,2000-04-20T09:30:00.000Z,2000,4,Hutchison Lake Waterdrome,49.78478,-86.94001899999998,28.846999780578454
39,41,41,48.4760636,-81.3283354,Timmins (Canada),ON,2012-06-01T02:30:00.000Z,2012,6,Iroquois Falls Airport,48.74172000000001,-80.793052,49.303482132175716
40,42,42,49.789617,-93.6748203,Lake Winnange (Canada),ON,2013-08-13T23:20:00.000Z,2013,8,Vermilion Bay Airport,49.88005700000001,-93.42959300000001,20.308260072900698
41,43,43,46.0266765,-79.7193879,Restoule (Canada),ON,1999-09-07T23:08:00.000Z,1999,9,Sundridge South River Airport,45.82452430000001,-79.3297116,37.66261282863931
42,44,44,48.4760636,-81.3283354,Timmins (Canada),ON,1952-06-15T00:00:00.000Z,1952,6,Iroquois Falls Airport,48.74172000000001,-80.793052,49.303482132175716
43,45,45,45.2479889,-78.89287759999998,Algonquin Highlands (Canada),ON,2014-08-05T22:00:00.000Z,2014,8,Dwight Airport,45.308553,-78.980631,9.628889183364011
44,46,46,48.4760636,-81.3283354,Timmins (Canada),ON,2011-08-14T13:30:00.000Z,2011,8,Iroquois Falls Airport,48.74172000000001,-80.793052,49.303482132175716
45,47,47,49.2185794,-84.77415690000002,Hornepayne (Canada),ON,2012-09-11T21:45:00.000Z,2012,9,Granitehill Lake Waterdrome,49.098704999999995,-85.200293,33.820358472630495
46,48,48,49.8581032,-92.7973325,Dryden (Canada),ON,2007-04-16T22:30:00.000Z,2007,4,Eagle River Airport,49.755590000000005,-93.140268,27.19142122098461
47,49,49,48.4760636,-81.3283354,Timmins (Canada),ON,2009-11-17T19:00:00.000Z,2009,11,Iroquois Falls Airport,48.74172000000001,-80.793052,49.303482132175716
48,50,50,49.8581032,-92.7973325,Dryden (Canada),ON,2013-02-01T09:30:00.000Z,2013,2,Eagle River Airport,49.755590000000005,-93.140268,27.19142122098461
49,51,51,45.3264384,-79.2202087,Huntsville (Canada),ON,2014-02-17T04:30:00.000Z,2014,2,Dwight Airport,45.308553,-78.980631,18.890193452464544
50,52,52,48.4760636,-81.3283354,Timmins (Canada),ON,2004-10-20T23:45:00.000Z,2004,10,Iroquois Falls Airport,48.74172000000001,-80.793052,49.303482132175716
51,53,53,46.4490938,-82.6905028990394,Elliot Lake (Canada),ON,2016-05-23T23:30:00.000Z,2016,5,Elliot Lake Airport,46.351387,-82.561386,14.715823032704947
52,54,54,48.599401,-93.4421704,Armstrong (Canada),ON,2002-09-15T22:00:00.000Z,2002,9,Burditt Lake Waterdome,48.918707,-93.799182,44.157075120100316
53,55,55,46.5990787,-81.1823224,Sudbury (Canada),ON,2014-08-10T23:15:00.000Z,2014,8,Greater Sudbury Airport,46.6228445,-80.7956531,29.738849665726544
54,56,56,48.4061651,-89.2591414,Thunder Bay (Canada),ON,2005-02-15T23:20:00.000Z,2005,2,Helipad,48.42330379999999,-89.26975949999998,2.061520194768353
55,57,57,48.4061651,-89.2591414,Thunder Bay (Canada),ON,2014-07-30T22:45:00.000Z,2014,7,Helipad,48.42330379999999,-89.26975949999998,2.061520194768353
56,58,58,49.2185794,-84.77415690000002,Hornepayne (Canada),ON,2003-08-08T21:00:00.000Z,2003,8,Granitehill Lake Waterdrome,49.098704999999995,-85.200293,33.820358472630495
57,59,59,49.8581032,-92.7973325,Dryden (Canada),ON,2012-09-08T00:00:00.000Z,2012,9,Eagle River Airport,49.755590000000005,-93.140268,27.19142122098461
58,60,60,48.4061651,-89.2591414,Thunder Bay (Canada),ON,2013-09-08T21:11:00.000Z,2013,9,Helipad,48.42330379999999,-89.26975949999998,2.061520194768353
59,61,61,44.1156917,-81.148928,Kincardine (Canada),ON,2011-01-01T20:45:00.000Z,2011,1,Teeswater (Thompson Field) Airport,43.94833300000001,-81.27194399999999,21.048656935426976
60,62,62,49.8150703,-92.9815933,Oxdrift (Canada),ON,1982-07-01T21:00:00.000Z,1982,7,Eagle River Airport,49.755590000000005,-93.140268,13.203817318171705
61,63,63,48.4061651,-89.2591414,Thunder Bay (Canada),ON,1963-11-23T10:00:00.000Z,1963,11,Helipad,48.42330379999999,-89.26975949999998,2.061520194768353
62,64,64,42.921189700000006,-78.956133,Fort Erie (Canada),ON,2014-06-28T22:30:00.000Z,2014,6,Port Colborne Airport,42.87635349999999,-79.35574989999998,33.01642933523452
63,65,65,44.4690369,-79.48437729999998,Oro (Canada),ON,2012-07-01T23:45:00.000Z,2012,7,Little Lake Waterdrome,44.419129,-79.669061,15.713055865450315
64,66,66,44.67691170000001,-81.25538509999998,Sauble Beach (Canada),ON,2002-08-24T22:10:00.000Z,2002,8,Southampton Airport,44.494808,-81.336766,21.24295628869141
65,67,67,49.73970175,-95.1363316145362,Ontario Province (Canada),ON,2008-07-24T00:00:00.000Z,2008,7,Minaki Airport (CJA6),49.97315159999999,-94.70379859999998,40.51678415119127
66,68,68,43.4949154,-81.45674040000002,Staffa (Canada),ON,2001-06-14T23:10:00.000Z,2001,6,Centralia/James T. Field Memorial Aerodrome,43.287614399999995,-81.50684059999998,23.38619211670839
67,69,69,46.4490938,-82.6905028990394,Elliot Lake (Canada),ON,2008-05-30T09:10:00.000Z,2008,5,Elliot Lake Airport,46.351387,-82.561386,14.715823032704947
68,70,70,45.3264384,-79.2202087,Huntsville (Canada),ON,2004-02-27T03:55:00.000Z,2004,2,Dwight Airport,45.308553,-78.980631,18.890193452464544
69,71,71,49.8581032,-92.7973325,Dryden (Canada),ON,1978-06-01T22:30:00.000Z,1978,6,Eagle River Airport,49.755590000000005,-93.140268,27.19142122098461
70,72,72,49.8581032,-92.7973325,Dryden (Canada),ON,2004-07-12T02:00:00.000Z,2004,7,Eagle River Airport,49.755590000000005,-93.140268,27.19142122098461
71,73,73,46.5575661,-84.35259559999999,Lethbridge (Canada),ON,1997-08-20T23:00:00.000Z,1997,8,Chippewa County International Airport,46.257757700000006,-84.47441740000001,34.617882284301416
72,74,74,44.4854596,-79.5496755,Barrie (Simcoe) (Canada),ON,2002-04-12T16:30:00.000Z,2002,4,Little Lake Waterdrome,44.419129,-79.669061,12.025949754533084
73,75,75,44.7620178,-81.2715157,Red Bay (Canada),ON,2012-08-12T23:00:00.000Z,2012,8,Southampton Airport,44.494808,-81.336766,30.141635718667874
74,76,76,46.5111755,-80.83840570000002,Coniston (Canada),ON,2009-09-04T01:30:00.000Z,2009,9,Greater Sudbury Airport,46.6228445,-80.7956531,12.838849914321464
75,77,77,46.5990787,-81.1823224,Sudbury (Canada),ON,2014-05-17T22:35:00.000Z,2014,5,Greater Sudbury Airport,46.6228445,-80.7956531,29.738849665726544
76,78,78,45.9213026,-79.92964570000002,Arnstein (Canada),ON,2013-09-22T19:45:00.000Z,2013,9,Sundridge South River Airport,45.82452430000001,-79.3297116,47.804958700874295
77,79,79,44.8739609,-79.8116046,Honey Harbour (Canada),ON,2014-08-24T22:30:00.000Z,2014,8,Wyevale (Boker Field) Airport,44.6575774,-79.8816392,24.67702256227042
78,80,80,45.3891281,-76.57944640000002,Burnstown (Canada),ON,2014-03-24T06:20:00.000Z,2014,3,South Renfrew Muni Waterdrome,45.406832,-76.35972290000001,17.316294139025278
79,81,81,48.4061651,-89.2591414,Thunder Bay (Canada),ON,2010-06-18T23:00:00.000Z,2010,6,Helipad,48.42330379999999,-89.26975949999998,2.061520194768353
80,82,82,45.4874388,-77.6763313,Barrys Bay (Canada),ON,2009-09-19T22:00:00.000Z,2009,9,Madawaska Valley Airpark,45.505601,-77.645551,3.1405227794364436
81,83,83,49.8581032,-92.7973325,Dryden (Canada),ON,2010-08-18T19:25:00.000Z,2010,8,Eagle River Airport,49.755590000000005,-93.140268,27.19142122098461
82,84,84,48.40283779999999,-89.625413,Kakabeka Falls (Canada),ON,2015-01-01T01:00:00.000Z,2015,1,Kakabeka Falls Airport,48.4189,-89.5989,2.653794188398543
83,85,85,46.521871,-84.31953730000002,Sault Ste Marie (Canada),ON,2013-01-01T00:10:00.000Z,2013,1,Chippewa County International Airport,46.257757700000006,-84.47441740000001,31.683479356917037
84,86,86,46.6530558,-80.94479609999998,Hanmer (Canada),ON,2006-06-23T01:30:00.000Z,2006,6,Greater Sudbury Airport,46.6228445,-80.7956531,11.903210918727735
85,87,87,45.9786164,-81.9033665,Little Current (Canada),ON,2015-07-04T22:45:00.000Z,2015,7,Little Current Waterdrome,45.98388899999999,-81.95861099999998,4.320795671070386
86,88,88,48.7738991,-91.6386031,Atikokan (Canada),ON,2008-02-08T19:00:00.000Z,2008,2,Atikokan Airport,48.77129629999999,-91.6373615,0.3034921296910907
87,89,89,43.8675003,-81.29859909999998,Wingham (Canada),ON,2007-11-18T00:13:00.000Z,2007,11,Teeswater (Thompson Field) Airport,43.94833300000001,-81.27194399999999,9.233068041725177
88,90,90,48.4061651,-89.2591414,Thunder Bay (Canada),ON,2004-09-07T00:30:00.000Z,2004,9,Helipad,48.42330379999999,-89.26975949999998,2.061520194768353
89,91,91,42.6571179,-81.0136016,Port Elgin (Canada),ON,2012-07-04T21:00:00.000Z,2012,7,Straffordville Airport,42.738333000000004,-80.81666700000001,18.487536234835083
90,92,92,44.3686962,-76.153729,Gananoque (Canada),ON,2011-10-08T21:00:00.000Z,2011,10,Watertown International Airport,43.99566269999999,-76.02236500000001,42.76010038431309
91,93,93,44.5225043,-80.9416918553959,Owen Sound (Canada),ON,2016-04-01T21:10:00.000Z,2016,4,Southampton Airport,44.494808,-81.336766,31.565787940978254
92,94,94,44.5841565,-80.92345990000003,Bayfield (Canada),ON,2011-08-04T22:45:00.000Z,2011,8,Southampton Airport,44.494808,-81.336766,34.31555158973047
93,95,95,48.6115924,-93.40919263466681,Fort Frances (Canada),ON,2014-08-08T21:00:00.000Z,2014,8,Burditt Lake Waterdome,48.918707,-93.799182,44.5912004169677
94,96,96,46.6530558,-80.94479609999998,Hanmer (Canada),ON,2012-06-21T22:40:00.000Z,2012,6,Greater Sudbury Airport,46.6228445,-80.7956531,11.903210918727735
95,97,97,46.4490938,-82.6905028990394,Elliot Lake (Canada),ON,2003-12-24T00:00:00.000Z,2003,12,Elliot Lake Airport,46.351387,-82.561386,14.715823032704947
96,98,98,42.9658012,-81.59169759999997,Strathroy (Canada),ON,2004-12-05T22:00:00.000Z,2004,12,Melbourne Airport,42.82444599999999,-81.548813,16.089173668439066
97,99,99,44.4080188,-78.94850749999998,Woodville (Canada),ON,2013-08-08T21:04:00.000Z,2013,8,Head Lake Waterdrome,44.721575,-78.909864,34.97836594985777
98,100,100,44.2600304,-76.5059923457835,Kingston (Canada),ON,1998-07-04T22:00:00.000Z,1998,7,Tyendinaga Mohawk Airfield,44.183391,-77.10293899999998,48.454258833695654
99,101,101,48.6115924,-93.40919263466681,Fort Frances (Canada),ON,2002-01-07T12:38:00.000Z,2002,1,Burditt Lake Waterdome,48.918707,-93.799182,44.5912004169677
100,102,102,42.0947456,-82.4624555,Wheatley (Canada),ON,2007-01-20T20:00:00.000Z,2007,1,Cottam Airport,42.139764,-82.65274000000001,16.511618772357462
101,103,103,42.5313988,-81.606903,Rodney (Canada),ON,2002-09-06T22:50:00.000Z,2002,9,Highgate Airport,42.55455200000001,-81.803292,16.33565739504806
102,104,104,46.61033120000001,-81.00739240000001,Val Caron (Canada),ON,1974-11-15T15:40:00.000Z,1974,11,Greater Sudbury Airport,46.6228445,-80.7956531,16.278418976527448
103,105,105,48.4064703,-89.2923031,Shabaqua (Thunder Bay)  (Canada),ON,2003-03-11T15:00:00.000Z,2003,3,Helipad,48.42330379999999,-89.26975949999998,2.507731245802847
104,106,106,43.9482994,-81.2718963,Teeswater (Canada),ON,2009-05-24T20:45:00.000Z,2009,5,Teeswater (Thompson Field) Airport,43.94833300000001,-81.27194399999999,0.0053479188500340025
105,107,107,45.6202244,-79.40891590000003,Burk's Falls (Canada),ON,2002-08-02T20:30:00.000Z,2002,8,Bella Lake Waterdrome,45.451775,-79.0260179,35.284005755480656
106,108,108,48.6115924,-93.40919263466681,Fort Frances (Canada),ON,1998-07-20T02:00:00.000Z,1998,7,Burditt Lake Waterdome,48.918707,-93.799182,44.5912004169677
107,109,109,43.76012025,-77.68316025176699,Ontario (Canada),ON,1982-08-14T22:00:00.000Z,1982,8,Severn NDB ZZR 317,44.0527285,-77.6266046,32.827725181338614
108,110,110,48.6115924,-93.40919263466681,Fort Frances (Canada),ON,1979-08-01T16:20:00.000Z,1979,8,Burditt Lake Waterdome,48.918707,-93.799182,44.5912004169677
109,111,111,48.4061651,-89.2591414,Thunder Bay (Canada),ON,2013-05-27T22:10:00.000Z,2013,5,Helipad,48.42330379999999,-89.26975949999998,2.061520194768353
110,112,112,43.2905128,-81.50219809999999,New Brunswick (Canada),ON,1986-06-30T15:30:00.000Z,1986,6,Centralia/James T. Field Memorial Aerodrome,43.287614399999995,-81.50684059999998,0.49562878739906047
111,113,113,45.4380475,-76.35940140000002,Arnprior (Canada),ON,2016-06-17T21:00:00.000Z,2016,6,South Renfrew Muni Waterdrome,45.406832,-76.35972290000001,3.46938294903728
112,114,114,43.6183234,-79.4952839,Newcastle (Canada),ON,2014-06-01T21:30:00.000Z,2014,6,Tottenham/Volk Airport,43.993352,-79.781904,47.62575106940916
113,115,115,44.98567360000001,-78.0683614,North Bay (Canada),ON,2015-05-07T22:55:00.000Z,2015,5,Pencil Lake Waterdrome,44.80638,-78.35121699999998,29.936397891664402
114,116,116,46.52185799999999,-84.3460896,Sault Ste. Marie (Canada),ON,2016-09-30T20:45:00.000Z,2016,9,Chippewa County International Airport,46.257757700000006,-84.47441740000001,30.97206565417294
115,117,117,45.9080882,-82.2585276,Kagawong (Canada),ON,2013-10-26T19:00:00.000Z,2013,10,Little Current Waterdrome,45.98388899999999,-81.95861099999998,24.73429116692587
116,118,118,44.7185477,-76.92295809999997,Arden (Canada),ON,2013-08-31T22:00:00.000Z,2013,8,Tomvale Airport,44.91701810000001,-76.93607659999998,22.08005595779663
117,119,119,46.5990787,-81.1823224,Sudbury (Canada),ON,2012-11-15T00:00:00.000Z,2012,11,Greater Sudbury Airport,46.6228445,-80.7956531,29.738849665726544
118,120,120,46.2647102,-81.781010428831,Espanola (Canada),ON,1951-03-15T10:30:00.000Z,1951,3,Little Current Waterdrome,45.98388899999999,-81.95861099999998,34.0991871508833
119,121,121,44.5925129,-80.001726,Tiny Township (Canada),ON,2013-07-10T23:00:00.000Z,2013,7,Wyevale (Boker Field) Airport,44.6575774,-79.8816392,11.962346935815523
120,122,122,45.4380475,-76.35940140000002,Arnprior (Canada),ON,1985-06-01T21:00:00.000Z,1985,6,South Renfrew Muni Waterdrome,45.406832,-76.35972290000001,3.46938294903728
121,123,123,42.8885911,-82.45330129999998,Corunna (Canada),ON,2013-08-17T22:20:00.000Z,2013,8,St. Clair County International Airport,42.91043899999999,-82.52809520000001,6.573201412896747
122,124,124,45.7563115,-82.2146049237431,Manitoulin Island (Canada),ON,2011-10-22T03:30:00.000Z,2011,10,Little Current Waterdrome,45.98388899999999,-81.95861099999998,32.16997542120524
123,125,125,46.61033120000001,-81.00739240000001,Val Caron (Canada),ON,2004-05-11T21:30:00.000Z,2004,5,Greater Sudbury Airport,46.6228445,-80.7956531,16.278418976527448
124,126,126,45.1474919,-76.109548,Ottawa (Carleton) (Canada),ON,2006-09-15T22:45:00.000Z,2006,9,South Renfrew Muni Waterdrome,45.406832,-76.35972290000001,34.87215597333924
125,127,127,45.6202244,-79.40891590000003,Burks Falls (Canada),ON,1999-07-28T22:00:00.000Z,1999,7,Bella Lake Waterdrome,45.451775,-79.0260179,35.284005755480656
126,128,128,42.9326725,-80.5626695,Otterville (Canada),ON,2011-11-05T11:00:00.000Z,2011,11,Woodstock Airport,43.11107820000001,-80.82423829999998,29.110173926289185
127,129,129,48.4061651,-89.2591414,Thunder Bay (Canada),ON,1979-03-15T18:00:00.000Z,1979,3,Helipad,48.42330379999999,-89.26975949999998,2.061520194768353
128,130,130,42.0387744,-82.73813,Kingsville (Canada),ON,2013-10-10T21:00:00.000Z,2013,10,Cottam Airport,42.139764,-82.65274000000001,13.25673063851465
129,131,131,46.5990787,-81.1823224,Sudbury (Canada),ON,2007-08-21T12:30:00.000Z,2007,8,Greater Sudbury Airport,46.6228445,-80.7956531,29.738849665726544
130,132,132,44.2134779,-79.7134417,Cookstown (Canada),ON,2010-07-31T21:30:00.000Z,2010,7,Alliston Airfield,44.18168429999999,-79.83674719999998,10.470944505352023
131,133,133,45.6141919,-80.54552609999998,Bayfield Inlet (Canada),ON,2007-09-16T04:00:00.000Z,2007,9,Deep Bay Waterdrome,45.39805589999999,-80.18166699999998,37.223805868169705
132,134,134,46.521871,-84.31953730000002,Sault Ste. Marie (Canada),ON,2015-08-19T01:45:00.000Z,2015,8,Chippewa County International Airport,46.257757700000006,-84.47441740000001,31.683479356917037
133,135,135,46.5990787,-81.1823224,Sudbury (Canada),ON,2010-07-01T22:30:00.000Z,2010,7,Greater Sudbury Airport,46.6228445,-80.7956531,29.738849665726544
134,136,136,44.1442774,-81.1461372,Walkerton (Canada),ON,2010-01-30T18:45:00.000Z,2010,1,Teeswater (Thompson Field) Airport,43.94833300000001,-81.27194399999999,23.993312191738998
135,137,137,43.552024,-81.39010859999998,Goderich (Canada),ON,2012-08-05T22:00:00.000Z,2012,8,Centralia/James T. Field Memorial Aerodrome,43.287614399999995,-81.50684059999998,30.859746910045864
136,138,138,45.5745,-79.3530671,Katrine (Canada),ON,2015-09-04T20:17:00.000Z,2015,9,Bella Lake Waterdrome,45.451775,-79.0260179,28.96778154514847
137,139,139,45.1099781,-77.09806640000002,Matawatchan (Canada),ON,2010-08-31T19:20:00.000Z,2010,8,Hurds Lake Waterdrome,45.404343,-76.64828399999998,48.13189748497359
138,140,140,45.938467,-80.904724,Lefroy (Canada),ON,1998-08-15T20:00:00.000Z,1998,8,Killarney Airport,45.977500000000006,-81.494722,45.94297418111802
139,141,141,44.3686962,-76.153729,Gananoque (Canada),ON,2003-11-08T18:30:00.000Z,2003,11,Watertown International Airport,43.99566269999999,-76.02236500000001,42.76010038431309
140,142,142,48.4061651,-89.2591414,Thunder Bay (Canada),ON,2011-10-01T00:53:00.000Z,2011,10,Helipad,48.42330379999999,-89.26975949999998,2.061520194768353
141,143,143,44.98567360000001,-78.0683614,North Bay (Canada),ON,2013-12-31T23:00:00.000Z,2013,12,Pencil Lake Waterdrome,44.80638,-78.35121699999998,29.936397891664402
142,144,144,46.521871,-84.31953730000002,Sault Ste. Marie (Canada),ON,1996-06-20T02:00:00.000Z,1996,6,Chippewa County International Airport,46.257757700000006,-84.47441740000001,31.683479356917037
143,145,145,44.9618052,-76.9845527,Plevna (Canada),ON,1985-08-19T20:30:00.000Z,1985,8,Tomvale Airport,44.91701810000001,-76.93607659999998,6.277944955936963
144,146,146,46.521871,-84.31953730000002,Sault Ste. Marie (Canada),ON,2006-09-05T01:00:00.000Z,2006,9,Chippewa County International Airport,46.257757700000006,-84.47441740000001,31.683479356917037
145,147,147,45.3264384,-79.2202087,Huntsville (Canada),ON,2009-04-24T11:53:00.000Z,2009,4,Dwight Airport,45.308553,-78.980631,18.890193452464544
146,148,148,44.5225043,-80.9416918553959,Owen Sound (Canada),ON,2012-03-06T18:45:00.000Z,2012,3,Southampton Airport,44.494808,-81.336766,31.565787940978254
147,149,149,48.4061651,-89.2591414,Thunder Bay (Canada),ON,2008-06-01T23:15:00.000Z,2008,6,Helipad,48.42330379999999,-89.26975949999998,2.061520194768353
148,150,150,45.9786164,-81.9033665,Little Current (Canada),ON,2015-06-15T21:30:00.000Z,2015,6,Little Current Waterdrome,45.98388899999999,-81.95861099999998,4.320795671070386
149,151,151,44.5467964,-79.1762434,Brechin (Canada),ON,2005-11-20T22:30:00.000Z,2005,11,Head Lake Waterdrome,44.721575,-78.909864,28.704830510034355
150,152,152,45.5500786,-74.8029144,Caledonia (Canada),ON,2009-03-31T21:00:00.000Z,2009,3,Pendleton Airport,45.482706,-75.09845,24.2754743100343
151,153,153,42.6571179,-81.0136016,Port Elgin (Canada),ON,2011-08-31T21:20:00.000Z,2011,8,Straffordville Airport,42.738333000000004,-80.81666700000001,18.487536234835083
152,154,154,46.521871,-84.31953730000002,Sault Ste. Marie (Canada),ON,1999-09-16T20:45:00.000Z,1999,9,Chippewa County International Airport,46.257757700000006,-84.47441740000001,31.683479356917037
153,155,155,46.521871,-84.31953730000002,Sault Ste. Marie (north of) (Canada),ON,1976-07-15T16:00:00.000Z,1976,7,Chippewa County International Airport,46.257757700000006,-84.47441740000001,31.683479356917037
154,156,156,44.98567360000001,-78.0683614,North Bay (Canada),ON,2010-11-15T23:00:00.000Z,2010,11,Pencil Lake Waterdrome,44.80638,-78.35121699999998,29.936397891664402
155,157,157,46.521871,-84.31953730000002,Sault Ste. Marie (Canada),ON,2007-12-10T19:43:00.000Z,2007,12,Chippewa County International Airport,46.257757700000006,-84.47441740000001,31.683479356917037
156,158,158,46.521871,-84.31953730000002,Sault Ste Marie,ON,2014-07-01T22:30:00.000Z,2014,7,Chippewa County International Airport,46.257757700000006,-84.47441740000001,31.683479356917037
157,159,159,48.4061651,-89.2591414,Thunder Bay (Canada),ON,1998-03-07T01:00:00.000Z,1998,3,Helipad,48.42330379999999,-89.26975949999998,2.061520194768353
158,160,160,46.521871,-84.31953730000002,Sault Ste Marie (Canada),ON,2012-06-27T21:50:00.000Z,2012,6,Chippewa County International Airport,46.257757700000006,-84.47441740000001,31.683479356917037
159,161,161,46.2718328,-81.3398509,Jackson's Point (Canada),ON,2005-04-21T22:23:00.000Z,2005,4,Killarney Airport,45.977500000000006,-81.494722,34.837128052032476
160,162,162,45.42152960000001,-75.69719309999998,Ottawa (Canada),ON,2016-10-13T07:00:00.000Z,2016,10,Cascades Water Aerodrome,45.585833,-75.86805600000001,22.62246733558308
161,163,163,44.5841565,-80.92345990000003,Bayfield (Canada),ON,2010-01-29T00:00:00.000Z,2010,1,Southampton Airport,44.494808,-81.336766,34.31555158973047
162,164,164,46.5990787,-81.1823224,Sudbury (Canada),ON,2007-11-18T16:15:00.000Z,2007,11,Greater Sudbury Airport,46.6228445,-80.7956531,29.738849665726544
163,165,165,42.3970242,-82.1796228,Chatham (Canada),ON,2012-06-16T22:00:00.000Z,2012,6,Stoney Point (Le Cunff) Airport,42.295556,-82.535,31.377303868762276
164,166,166,42.9037317,-79.6170804,Dunnville,ON,2014-10-24T02:05:00.000Z,2014,10,Port Colborne Airport,42.87635349999999,-79.35574989999998,21.562670995393997
165,167,167,44.5225043,-80.9416918553959,Owen Sound (Canada),ON,2012-04-22T21:40:00.000Z,2012,4,Southampton Airport,44.494808,-81.336766,31.565787940978254
166,168,168,48.4061651,-89.2591414,Thunder Bay (Canada),ON,2005-10-15T23:40:00.000Z,2005,10,Helipad,48.42330379999999,-89.26975949999998,2.061520194768353
167,169,169,46.5990787,-81.1823224,Sudbury (Canada),ON,2007-04-18T22:10:00.000Z,2007,4,Greater Sudbury Airport,46.6228445,-80.7956531,29.738849665726544
168,170,170,44.3567963,-79.9785196,Creemore (Canada),ON,2007-06-10T18:45:00.000Z,2007,6,Alliston Airfield,44.18168429999999,-79.83674719999998,22.510979706627854
169,171,171,48.4061651,-89.2591414,Thunder Bay (Canada),ON,2006-08-18T22:30:00.000Z,2006,8,Helipad,48.42330379999999,-89.26975949999998,2.061520194768353
170,172,172,44.1156917,-81.148928,Kincardine (Canada),ON,2006-07-01T23:30:00.000Z,2006,7,Teeswater (Thompson Field) Airport,43.94833300000001,-81.27194399999999,21.048656935426976
171,173,173,45.3264384,-79.2202087,Huntsville (Canada),ON,2002-07-01T01:30:00.000Z,2002,7,Dwight Airport,45.308553,-78.980631,18.890193452464544
172,174,174,48.4061651,-89.2591414,Thunder Bay (Canada),ON,2001-03-12T21:30:00.000Z,2001,3,Helipad,48.42330379999999,-89.26975949999998,2.061520194768353
173,175,175,43.9435964,-78.2989055,Port Hope (Canada),ON,2016-02-29T20:45:00.000Z,2016,2,Oshawa Executive Airport,43.925570500000006,-78.8968637,48.0542662028617
174,176,176,42.0387744,-82.73813,Kingsville (Canada),ON,2012-06-29T22:30:00.000Z,2012,6,Cottam Airport,42.139764,-82.65274000000001,13.25673063851465
175,177,177,46.5990787,-81.1823224,Sudbury (Canada),ON,2003-02-02T19:10:00.000Z,2003,2,Greater Sudbury Airport,46.6228445,-80.7956531,29.738849665726544
176,178,178,46.5990787,-81.1823224,Sudbury (Canada),ON,2007-11-02T00:00:00.000Z,2007,11,Greater Sudbury Airport,46.6228445,-80.7956531,29.738849665726544
177,179,179,45.7563115,-82.2146049237431,Manitoulin Island (Canada),ON,2001-01-01T19:00:00.000Z,2001,1,Little Current Waterdrome,45.98388899999999,-81.95861099999998,32.16997542120524
178,180,180,46.4754145,-81.0010333,Hillsdale (Canada),ON,2016-09-05T04:45:00.000Z,2016,9,Greater Sudbury Airport,46.6228445,-80.7956531,22.730814317288445
179,181,181,43.289512,-81.71810909999998,Grand Bend (Canada),ON,2011-07-16T23:00:00.000Z,2011,7,Centralia/James T. Field Memorial Aerodrome,43.287614399999995,-81.50684059999998,17.14749383809832
180,182,182,45.3264384,-79.2202087,Huntsville (Canada),ON,2002-06-30T00:30:00.000Z,2002,6,Dwight Airport,45.308553,-78.980631,18.890193452464544
181,183,183,45.3402359,-80.03702209999999,Parry Sound (Canada),ON,2002-09-01T00:15:00.000Z,2002,9,Derbyshire Island Waterdrome,45.244313,-80.154032,14.067692006450446
182,184,184,45.5918513,-74.6007603,Hawkesbury (Canada),ON,2015-10-26T19:05:00.000Z,2015,10,Pendleton Airport,45.482706,-75.09845,40.72148799953369
183,185,185,44.1156917,-81.148928,Kincardine (Canada),ON,2002-07-12T01:00:00.000Z,2002,7,Teeswater (Thompson Field) Airport,43.94833300000001,-81.27194399999999,21.048656935426976
184,186,186,48.4061651,-89.2591414,Thunder Bay (Canada),ON,2009-01-01T00:15:00.000Z,2009,1,Helipad,48.42330379999999,-89.26975949999998,2.061520194768353
185,187,187,45.8023305,-81.72359770000001,Wikwemikong (Canada),ON,2008-05-15T15:00:00.000Z,2008,5,Little Current Waterdrome,45.98388899999999,-81.95861099999998,27.20164586514197
186,188,188,46.521871,-84.31953730000002,Sault Ste. Marie (Canada),ON,2002-08-04T22:00:00.000Z,2002,8,Chippewa County International Airport,46.257757700000006,-84.47441740000001,31.683479356917037
187,189,189,43.9194098,-80.09882370000003,Orangeville (Canada),ON,2013-11-13T18:00:00.000Z,2013,11,Burbank Field,44.027743,-80.20532399999998,14.762170015428035
188,190,190,46.5990787,-81.1823224,Sudbury (Canada),ON,2006-01-01T05:00:00.000Z,2006,1,Greater Sudbury Airport,46.6228445,-80.7956531,29.738849665726544
189,191,191,44.1033103,-77.57589279999998,Trenton (Canada),ON,2013-08-01T22:00:00.000Z,2013,8,Belleville Airport,44.19195999999999,-77.309648,23.468707928589957
190,192,192,45.0380407,-78.5512262,Haliburton (Canada),ON,2010-07-04T22:50:00.000Z,2010,7,Pencil Lake Waterdrome,44.80638,-78.35121699999998,30.201776746262528
191,193,193,42.8198374,-81.4347115,Muncey (Canada),ON,2009-01-12T20:02:00.000Z,2009,1,Melbourne Airport,42.82444599999999,-81.548813,9.344771434995984
192,194,194,46.5990787,-81.1823224,Sudbury (Canada),ON,1999-11-20T23:00:00.000Z,1999,11,Greater Sudbury Airport,46.6228445,-80.7956531,29.738849665726544
193,195,195,46.5990787,-81.1823224,Sudbury (Canada),ON,1999-11-20T01:00:00.000Z,1999,11,Greater Sudbury Airport,46.6228445,-80.7956531,29.738849665726544
194,196,196,43.9194098,-80.09882370000003,Orangeville (Ontario) (Canada),ON,2010-06-17T22:30:00.000Z,2010,6,Burbank Field,44.027743,-80.20532399999998,14.762170015428035
195,197,197,45.3402359,-80.03702209999999,Parry Sound (Canada),ON,2013-08-10T23:00:00.000Z,2013,8,Derbyshire Island Waterdrome,45.244313,-80.154032,14.067692006450446
196,198,198,44.9618052,-76.9845527,Plevna (Canada),ON,1986-08-10T21:00:00.000Z,1986,8,Tomvale Airport,44.91701810000001,-76.93607659999998,6.277944955936963
197,199,199,43.58162,-81.3395413,Hensall (north of) (Canada),ON,2003-07-13T11:45:00.000Z,2003,7,Centralia/James T. Field Memorial Aerodrome,43.287614399999995,-81.50684059999998,35.36145567069484
198,200,200,46.5990787,-81.1823224,Sudbury (Canada),ON,2002-07-09T19:00:00.000Z,2002,7,Greater Sudbury Airport,46.6228445,-80.7956531,29.738849665726544
199,201,201,46.521871,-84.31953730000002,Sault Ste. Marie (Canada),ON,2013-09-04T21:50:00.000Z,2013,9,Chippewa County International Airport,46.257757700000006,-84.47441740000001,31.683479356917037
200,202,202,44.3454166,-77.3346697,Roslin (Canada),ON,2001-04-02T18:00:00.000Z,2001,4,Belleville Airport,44.19195999999999,-77.309648,17.168347196070805
201,203,203,45.35465470000001,-75.89208084297141,Ottawa (west of) (Canada),ON,1988-08-14T23:00:00.000Z,1988,8,Cascades Water Aerodrome,45.585833,-75.86805600000001,25.76197494480705
202,204,204,44.98567360000001,-78.0683614,North Bay (Canada),ON,2010-08-03T20:00:00.000Z,2010,8,Pencil Lake Waterdrome,44.80638,-78.35121699999998,29.936397891664402
203,205,205,46.5990787,-81.1823224,Sudbury (Canada),ON,2006-06-15T21:00:00.000Z,2006,6,Greater Sudbury Airport,46.6228445,-80.7956531,29.738849665726544
204,206,206,45.22090220000001,-79.2935708,Port Sydney (Canada),ON,1998-06-01T13:00:00.000Z,1998,6,Dwight Airport,45.308553,-78.980631,26.42167907991374
205,207,207,46.521871,-84.31953730000002,Sault Ste. Marie (Canada),ON,2006-08-05T00:00:00.000Z,2006,8,Chippewa County International Airport,46.257757700000006,-84.47441740000001,31.683479356917037
206,208,208,46.5990787,-81.1823224,Sudbury (Canada),ON,1999-12-31T00:30:00.000Z,1999,12,Greater Sudbury Airport,46.6228445,-80.7956531,29.738849665726544
207,209,209,48.4061651,-89.2591414,Thunder Bay (Canada),ON,2001-07-22T03:53:00.000Z,2001,7,Helipad,48.42330379999999,-89.26975949999998,2.061520194768353
208,210,210,43.552024,-81.39010859999998,Goderich (Canada),ON,2009-07-30T22:15:00.000Z,2009,7,Centralia/James T. Field Memorial Aerodrome,43.287614399999995,-81.50684059999998,30.859746910045864
209,211,211,43.1507428,-79.3914037,Vineland (Canada),ON,2012-10-13T22:54:00.000Z,2012,10,Port Colborne Airport,42.87635349999999,-79.35574989999998,30.620992268271834
210,212,212,48.4061651,-89.2591414,Thunder Bay (Canada),ON,2004-01-03T21:00:00.000Z,2004,1,Helipad,48.42330379999999,-89.26975949999998,2.061520194768353
211,213,213,42.9981744,-82.30882038716479,Sarnia (Canada),ON,2016-08-27T22:15:00.000Z,2016,8,St. Clair County International Airport,42.91043899999999,-82.52809520000001,20.375509628840074
212,214,214,46.5990787,-81.1823224,Sudbury (south of) (Canada),ON,1998-10-30T12:30:00.000Z,1998,10,Greater Sudbury Airport,46.6228445,-80.7956531,29.738849665726544
213,215,215,43.7494975,-79.4928694,Fonthill (Canada),ON,1992-12-12T00:00:00.000Z,1992,12,Tottenham/Volk Airport,43.993352,-79.781904,35.69113536724086
214,216,216,48.4061651,-89.2591414,Thunder Bay (Canada),ON,1994-08-22T23:30:00.000Z,1994,8,Helipad,48.42330379999999,-89.26975949999998,2.061520194768353
215,217,217,48.4061651,-89.2591414,Thunder Bay (Canada),ON,2003-07-18T13:58:00.000Z,2003,7,Helipad,48.42330379999999,-89.26975949999998,2.061520194768353
216,218,218,44.86712720000001,-79.7063306,Gloucester (Canada),ON,2010-06-13T20:00:00.000Z,2010,6,Wyevale (Boker Field) Airport,44.6575774,-79.8816392,27.109221021127308
217,219,219,43.9435964,-78.2989055,Port Hope (Canada),ON,2014-07-26T23:00:00.000Z,2014,7,Oshawa Executive Airport,43.925570500000006,-78.8968637,48.0542662028617
218,220,220,48.4061651,-89.2591414,Thunder Bay (Canada),ON,2001-09-02T22:50:00.000Z,2001,9,Helipad,48.42330379999999,-89.26975949999998,2.061520194768353
219,221,221,44.98567360000001,-78.0683614,North Bay (Canada),ON,2004-11-30T05:00:00.000Z,2004,11,Pencil Lake Waterdrome,44.80638,-78.35121699999998,29.936397891664402
220,222,222,45.3402359,-80.03702209999999,Parry Sound (North of) (Canada),ON,1996-07-01T22:00:00.000Z,1996,7,Derbyshire Island Waterdrome,45.244313,-80.154032,14.067692006450446
221,223,223,44.98567360000001,-78.0683614,North Bay (Canada),ON,2013-03-15T23:30:00.000Z,2013,3,Pencil Lake Waterdrome,44.80638,-78.35121699999998,29.936397891664402
222,224,224,46.521871,-84.31953730000002,Sault Ste. Marie (Canada),ON,2002-05-09T04:15:00.000Z,2002,5,Chippewa County International Airport,46.257757700000006,-84.47441740000001,31.683479356917037
223,225,225,44.5225043,-80.9416918553959,Owen Sound (Canada),ON,1996-08-11T00:45:00.000Z,1996,8,Southampton Airport,44.494808,-81.336766,31.565787940978254
224,226,226,43.50984295,-80.5306305,Carlisle (Canada),ON,2010-10-15T22:00:00.000Z,2010,10,Elmira (East) Airport,43.593756299999995,-80.51510440000001,9.407106420669871
225,227,227,45.3402359,-80.03702209999999,Parry Sound (Canada),ON,2007-02-20T18:20:00.000Z,2007,2,Derbyshire Island Waterdrome,45.244313,-80.154032,14.067692006450446
226,228,228,48.4061651,-89.2591414,Thunder Bay (Canada),ON,2005-08-17T03:00:00.000Z,2005,8,Helipad,48.42330379999999,-89.26975949999998,2.061520194768353
227,229,229,45.0985521,-75.2339219,Chesterville (Canada),ON,1998-10-19T04:40:00.000Z,1998,10,Embrun Airport,45.23959800000001,-75.30224399999999,16.56982389773604
228,230,230,48.4061651,-89.2591414,Thunder Bay (Canada),ON,2006-07-05T03:00:00.000Z,2006,7,Helipad,48.42330379999999,-89.26975949999998,2.061520194768353
229,231,231,42.623613,-80.45017790000001,Port Rowan (Canada),ON,2014-04-23T23:00:00.000Z,2014,4,Straffordville Airport,42.738333000000004,-80.81666700000001,32.62952134380762
230,232,232,43.0377252,-80.8821103,Ingersoll,ON,2016-06-15T20:00:00.000Z,2016,6,Woodstock Airport,43.11107820000001,-80.82423829999998,9.413943260342021
231,233,233,44.1156917,-81.148928,Kincardine (Canada),ON,2004-10-06T20:30:00.000Z,2004,10,Teeswater (Thompson Field) Airport,43.94833300000001,-81.27194399999999,21.048656935426976
232,234,234,44.1833,-79.8370971,Alliston (Canada),ON,2012-09-12T22:15:00.000Z,2012,9,Burbank Field,44.027743,-80.20532399999998,34.17490054234425
233,235,235,48.4061651,-89.2591414,Thunder Bay (Canada),ON,1994-10-08T20:00:00.000Z,1994,10,Helipad,48.42330379999999,-89.26975949999998,2.061520194768353
234,236,236,44.48403270000001,-77.6810687,Marmora (Canada),ON,2011-08-14T00:30:00.000Z,2011,8,Belleville Airport,44.19195999999999,-77.309648,43.93954934230755
235,237,237,46.521871,-84.31953730000002,Sault Ste. Marie (Canada),ON,2005-07-15T00:00:00.000Z,2005,7,Chippewa County International Airport,46.257757700000006,-84.47441740000001,31.683479356917037
236,238,238,45.1528107,-79.1111997,Baysville (Canada),ON,1975-07-01T17:00:00.000Z,1975,7,Dwight Airport,45.308553,-78.980631,20.117729674543764
237,239,239,48.4061651,-89.2591414,Thunder Bay (Canada),ON,2005-12-01T05:00:00.000Z,2005,12,Helipad,48.42330379999999,-89.26975949999998,2.061520194768353
238,240,240,45.1403085,-76.1460108,Carleton Place (Canada),ON,2014-12-07T16:20:00.000Z,2014,12,South Renfrew Muni Waterdrome,45.406832,-76.35972290000001,34.03848859046805
239,241,241,42.3189421,-82.8863047,Tecumseh (Canada),ON,2013-08-25T01:00:00.000Z,2013,8,Cottam Airport,42.139764,-82.65274000000001,27.71077998659894
240,242,242,46.521871,-84.31953730000002,Sault Ste Marie (Canada),ON,2013-06-08T23:30:00.000Z,2013,6,Chippewa County International Airport,46.257757700000006,-84.47441740000001,31.683479356917037
241,243,243,44.2969534,-77.56121529999999,Campbellford (Canada),ON,2004-08-28T16:00:00.000Z,2004,8,Belleville Airport,44.19195999999999,-77.309648,23.235439010788806
242,244,244,42.623613,-80.45017790000001,Port Rowan (Canada),ON,2011-02-15T01:00:00.000Z,2011,2,Straffordville Airport,42.738333000000004,-80.81666700000001,32.62952134380762
243,245,245,46.521871,-84.31953730000002,Sault Ste. Marie (Canada),ON,2005-09-09T21:00:00.000Z,2005,9,Chippewa County International Airport,46.257757700000006,-84.47441740000001,31.683479356917037
244,246,246,46.521871,-84.31953730000002,Sault Ste. Marie (Canada),ON,2002-06-15T21:00:00.000Z,2002,6,Chippewa County International Airport,46.257757700000006,-84.47441740000001,31.683479356917037
245,247,247,44.54948445,-78.2614398166359,Kawartha Lakes (Canada),ON,2016-01-16T03:00:00.000Z,2016,1,Pencil Lake Waterdrome,44.80638,-78.35121699999998,29.421695699399017
246,248,248,42.9981744,-82.30882038716479,Sarnia (Canada),ON,2009-08-25T01:30:00.000Z,2009,8,St. Clair County International Airport,42.91043899999999,-82.52809520000001,20.375509628840074
247,249,249,43.76012025,-77.68316025176699,Ontario (Canada),ON,2007-10-16T12:00:00.000Z,2007,10,Severn NDB ZZR 317,44.0527285,-77.6266046,32.827725181338614
248,250,250,45.4210328,-75.6900218,Ottawa,ON,2014-10-24T06:55:00.000Z,2014,10,Cascades Water Aerodrome,45.585833,-75.86805600000001,23.00172746564276
249,251,251,44.3494984,-80.2529708,Singhampton (Canada),ON,1991-06-15T23:50:00.000Z,1991,6,Burbank Field,44.027743,-80.20532399999998,35.95452476747599
250,252,252,45.1403085,-76.1460108,Carleton Place (Canada),ON,2011-10-23T22:50:00.000Z,2011,10,South Renfrew Muni Waterdrome,45.406832,-76.35972290000001,34.03848859046805
251,253,253,45.0380407,-78.5512262,Haliburton (Canada),ON,2008-07-25T21:50:00.000Z,2008,7,Pencil Lake Waterdrome,44.80638,-78.35121699999998,30.201776746262528
252,254,254,45.35465470000001,-75.89208084297141,Ottawa (east) (Canada),ON,2005-06-14T18:00:00.000Z,2005,6,Cascades Water Aerodrome,45.585833,-75.86805600000001,25.76197494480705
253,255,255,46.521871,-84.31953730000002,Sault Ste. Marie (Canada),ON,2004-06-10T09:15:00.000Z,2004,6,Chippewa County International Airport,46.257757700000006,-84.47441740000001,31.683479356917037
254,256,256,43.552024,-81.39010859999998,Goderich (Canada),ON,2003-04-15T01:00:00.000Z,2003,4,Centralia/James T. Field Memorial Aerodrome,43.287614399999995,-81.50684059999998,30.859746910045864
255,257,257,44.1074003,-78.8200171,Blackstock (Canada),ON,2016-06-26T03:20:00.000Z,2016,6,Baldwin Airfield,44.267272,-79.34070299999998,45.26220427921642
256,258,258,45.0380407,-78.5512262,Haliburton (Canada),ON,2001-09-16T00:30:00.000Z,2001,9,Pencil Lake Waterdrome,44.80638,-78.35121699999998,30.201776746262528
257,259,259,42.8885911,-82.45330129999998,Corunna (Canada),ON,2013-05-20T21:45:00.000Z,2013,5,St. Clair County International Airport,42.91043899999999,-82.52809520000001,6.573201412896747
258,260,260,44.2477838,-76.30795520000002,Howe Island (Canada),ON,2003-01-15T19:00:00.000Z,2003,1,Watertown International Airport,43.99566269999999,-76.02236500000001,36.15720465355936
259,261,261,44.98567360000001,-78.0683614,North Bay (Canada),ON,2004-09-14T18:00:00.000Z,2004,9,Pencil Lake Waterdrome,44.80638,-78.35121699999998,29.936397891664402
260,262,262,46.521871,-84.31953730000002,Sault Ste Marie (Canada),ON,1980-06-13T22:00:00.000Z,1980,6,Chippewa County International Airport,46.257757700000006,-84.47441740000001,31.683479356917037
261,263,263,43.16858,-79.4661099,Lindsey (Canada),ON,2012-10-21T08:00:00.000Z,2012,10,Port Colborne Airport,42.87635349999999,-79.35574989999998,33.68761092314559
262,264,264,46.521871,-84.31953730000002,Sault Ste. Marie (Canada),ON,1991-09-21T23:00:00.000Z,1991,9,Chippewa County International Airport,46.257757700000006,-84.47441740000001,31.683479356917037
263,265,265,44.98567360000001,-78.0683614,North Bay (Canada),ON,2004-02-24T19:44:00.000Z,2004,2,Pencil Lake Waterdrome,44.80638,-78.35121699999998,29.936397891664402
264,266,266,42.9990825,-81.3015041,Concord (Canada),ON,2007-06-20T22:15:00.000Z,2007,6,Melbourne Airport,42.82444599999999,-81.548813,28.003628371904902
265,267,267,44.9524095,-78.6947177,Minden (Canada),ON,2000-08-30T23:05:00.000Z,2000,8,Head Lake Waterdrome,44.721575,-78.909864,30.78043495112555
266,268,268,44.5925129,-80.001726,Tiny (Canada),ON,2013-07-04T22:20:00.000Z,2013,7,Wyevale (Boker Field) Airport,44.6575774,-79.8816392,11.962346935815523
267,269,269,43.521564,-80.2078517,Bath (Canada),ON,2012-07-01T23:00:00.000Z,2012,7,Elmira (East) Airport,43.593756299999995,-80.51510440000001,26.089438822269766
268,270,270,42.2362578,-83.09487320000002,Lasalle (Canada),ON,2000-12-18T06:15:00.000Z,2000,12,Cottam Airport,42.139764,-82.65274000000001,38.06322844730304
269,271,271,42.9658012,-81.59169759999997,Strathroy (Canada),ON,2001-08-14T22:45:00.000Z,2001,8,Melbourne Airport,42.82444599999999,-81.548813,16.089173668439066
270,272,272,44.98567360000001,-78.0683614,North Bay (Canada),ON,2012-12-24T22:00:00.000Z,2012,12,Pencil Lake Waterdrome,44.80638,-78.35121699999998,29.936397891664402
271,273,273,43.552024,-81.39010859999998,Goderich (Canada),ON,2001-07-27T00:20:00.000Z,2001,7,Centralia/James T. Field Memorial Aerodrome,43.287614399999995,-81.50684059999998,30.859746910045864
272,274,274,43.3313677,-79.895493,Waterdown (Canada),ON,2014-04-29T23:30:00.000Z,2014,4,Grand River Waterdrome,43.086110999999995,-80.05166700000001,30.057980356942764
273,275,275,42.6087264,-82.51813502142541,Walpole Island (Canada),ON,2014-08-16T22:38:00.000Z,2014,8,Stoney Point (Le Cunff) Airport,42.295556,-82.535,34.81526920674935
274,276,276,44.4175281,-80.09982480000002,Stayner (Canada),ON,2014-04-20T21:05:00.000Z,2014,4,Wyevale (Boker Field) Airport,44.6575774,-79.8816392,31.816077779816784
275,277,277,44.2518913,-77.4422054,Foxboro (Canada),ON,2004-08-31T21:10:00.000Z,2004,8,Belleville Airport,44.19195999999999,-77.309648,12.511675751545193
276,278,278,43.9194098,-80.09882370000003,Orangeville (Canada),ON,2002-04-01T23:30:00.000Z,2002,4,Burbank Field,44.027743,-80.20532399999998,14.762170015428035
277,279,279,44.2600304,-76.5059923457835,Kingston (Canada),ON,2015-03-12T21:30:00.000Z,2015,3,Tyendinaga Mohawk Airfield,44.183391,-77.10293899999998,48.454258833695654
278,280,280,42.8850972,-79.2521394,Port Colborne (Canada),ON,2009-10-03T20:44:00.000Z,2009,10,Port Colborne Airport,42.87635349999999,-79.35574989999998,8.520371793017656
279,281,281,44.86712720000001,-79.7063306,Gloucester (Canada),ON,1978-01-06T17:00:00.000Z,1978,1,Wyevale (Boker Field) Airport,44.6575774,-79.8816392,27.109221021127308
280,282,282,45.30849065,-75.9195011659319,Kanta (Canada),ON,2010-10-03T22:50:00.000Z,2010,10,Cascades Water Aerodrome,45.585833,-75.86805600000001,31.08560165895983
281,283,283,44.47569445,-80.08241536062809,Wasaga Beach (Canada),ON,2015-08-22T21:00:00.000Z,2015,8,Wyevale (Boker Field) Airport,44.6575774,-79.8816392,25.746569907878005
282,284,284,46.521871,-84.31953730000002,Sault Ste. Marie (Canada),ON,2010-07-26T23:00:00.000Z,2010,7,Chippewa County International Airport,46.257757700000006,-84.47441740000001,31.683479356917037
283,285,285,44.692686,-79.8696737,Penetanguishene (Canada),ON,2013-08-08T22:45:00.000Z,2013,8,Wyevale (Boker Field) Airport,44.6575774,-79.8816392,4.015160997218144
284,286,286,44.2988329,-77.905311,Bolton (Canada),ON,2016-01-11T20:30:00.000Z,2016,1,Belleville Airport,44.19195999999999,-77.309648,49.038014784070974
285,287,287,43.5902277,-80.12900429999998,Milton (Canada),ON,2014-06-14T23:15:00.000Z,2014,6,Smith Field,43.775844899999996,-80.229815,22.167306573446748
286,288,288,44.78423505,-79.23067119272821,Black River (Canada),ON,1997-03-12T21:00:00.000Z,1997,3,Matchedash Lake Waterdrome,44.788925,-79.500198,21.336436593595
287,289,289,44.6668875,-79.47904820000002,Warminster (Canada),ON,2013-06-08T22:45:00.000Z,2013,6,Matchedash Lake Waterdrome,44.788925,-79.500198,13.66470126642858
288,290,290,43.76012025,-77.68316025176699,Ontario (Canada),ON,2007-02-25T14:00:00.000Z,2007,2,Severn NDB ZZR 317,44.0527285,-77.6266046,32.827725181338614
289,291,291,45.5500786,-74.8029144,Caledonia (Canada),ON,2003-12-04T11:00:00.000Z,2003,12,Pendleton Airport,45.482706,-75.09845,24.2754743100343
290,292,292,44.2485153,-76.9503387,Napanee (Canada),ON,2015-09-24T20:00:00.000Z,2015,9,Belleville Airport,44.19195999999999,-77.309648,29.391660498942144
291,293,293,44.3114259,-78.8004253,Little Britain (Canada),ON,1999-01-21T06:00:00.000Z,1999,1,Head Lake Waterdrome,44.721575,-78.909864,46.39985552311073
292,294,294,43.3313677,-79.895493,Waterdown (Canada),ON,2013-12-25T20:00:00.000Z,2013,12,Grand River Waterdrome,43.086110999999995,-80.05166700000001,30.057980356942764
293,295,295,44.80999970000001,-76.4121203,Douglas (Canada),ON,1977-07-15T23:00:00.000Z,1977,7,Language Achievement Canada,45.14640439999999,-76.1321141,43.42154356839969
294,296,296,44.2485153,-76.9503387,Napanee (Canada),ON,2011-12-20T14:27:00.000Z,2011,12,Belleville Airport,44.19195999999999,-77.309648,29.391660498942144
295,297,297,44.452163,-78.7462681,Long Beach (Canada),ON,2008-09-10T16:30:00.000Z,2008,9,Head Lake Waterdrome,44.721575,-78.909864,32.635287626532445
296,298,298,42.3970242,-82.1796228,Chatham (Canada),ON,2010-12-27T17:45:00.000Z,2010,12,Stoney Point (Le Cunff) Airport,42.295556,-82.535,31.377303868762276
297,299,299,45.5918513,-74.6007603,Hawkesbury (Canada),ON,2013-10-14T16:00:00.000Z,2013,10,Pendleton Airport,45.482706,-75.09845,40.72148799953369
298,300,300,43.7463059,-79.435487,Newbury (Canada),ON,2004-03-01T22:00:00.000Z,2004,3,Tottenham/Volk Airport,43.993352,-79.781904,39.10017580045147
299,301,301,44.692686,-79.8696737,Penetanguishene (Canada),ON,2012-12-25T23:00:00.000Z,2012,12,Wyevale (Boker Field) Airport,44.6575774,-79.8816392,4.015160997218144
300,302,302,43.3811896,-81.00317829999999,Enterprise (Canada),ON,2004-08-31T21:00:00.000Z,2004,8,Woodstock Airport,43.11107820000001,-80.82423829999998,33.342414823700715
301,303,303,45.1403085,-76.1460108,Carleton Place (Canada),ON,2012-12-25T20:30:00.000Z,2012,12,South Renfrew Muni Waterdrome,45.406832,-76.35972290000001,34.03848859046805
302,304,304,44.692686,-79.8696737,Penetanguishene (Canada),ON,2011-11-21T02:34:00.000Z,2011,11,Wyevale (Boker Field) Airport,44.6575774,-79.8816392,4.015160997218144
303,305,305,44.98567360000001,-78.0683614,North Bay (Canada),ON,1985-08-28T02:30:00.000Z,1985,8,Pencil Lake Waterdrome,44.80638,-78.35121699999998,29.936397891664402
304,306,306,43.2255489,-81.874131,Port Franks (Canada),ON,2015-10-10T22:10:00.000Z,2015,10,Centralia/James T. Field Memorial Aerodrome,43.287614399999995,-81.50684059999998,30.610986257102095
305,307,307,44.2600304,-76.5059923457835,Kingston (Canada),ON,2014-07-04T10:46:00.000Z,2014,7,Tyendinaga Mohawk Airfield,44.183391,-77.10293899999998,48.454258833695654
306,308,308,44.54948445,-78.2614398166359,Kawartha Lakes (Canada),ON,2007-08-15T06:30:00.000Z,2007,8,Pencil Lake Waterdrome,44.80638,-78.35121699999998,29.421695699399017
307,309,309,44.98567360000001,-78.0683614,North Bay (Canada),ON,2012-12-05T00:00:00.000Z,2012,12,Pencil Lake Waterdrome,44.80638,-78.35121699999998,29.936397891664402
308,310,310,42.7777214,-81.18265269999998,St. Thomas (Canada),ON,2016-10-30T20:00:00.000Z,2016,10,Straffordville Airport,42.738333000000004,-80.81666700000001,30.277478848288037
309,311,311,44.9524095,-78.6947177,Minden (Canada),ON,1997-08-02T22:15:00.000Z,1997,8,Head Lake Waterdrome,44.721575,-78.909864,30.78043495112555
310,312,312,45.1403085,-76.1460108,Carleton Place (Canada),ON,2001-07-15T23:39:00.000Z,2001,7,South Renfrew Muni Waterdrome,45.406832,-76.35972290000001,34.03848859046805
311,313,313,44.5235232,-80.0185295,Willow Beach (Canada),ON,2013-06-29T21:00:00.000Z,2013,6,Wyevale (Boker Field) Airport,44.6575774,-79.8816392,18.440845700820944
312,314,314,44.80999970000001,-76.4121203,Douglas (Canada),ON,1977-07-15T23:30:00.000Z,1977,7,Language Achievement Canada,45.14640439999999,-76.1321141,43.42154356839969
313,315,315,44.47569445,-80.08241536062809,Wasaga Beach (Canada),ON,1998-10-02T14:00:00.000Z,1998,10,Wyevale (Boker Field) Airport,44.6575774,-79.8816392,25.746569907878005
314,316,316,44.47569445,-80.08241536062809,Wasaga Beach (Canada),ON,2015-07-04T22:00:00.000Z,2015,7,Wyevale (Boker Field) Airport,44.6575774,-79.8816392,25.746569907878005
315,317,317,44.98567360000001,-78.0683614,North Bay (Canada),ON,2006-07-24T01:30:00.000Z,2006,7,Pencil Lake Waterdrome,44.80638,-78.35121699999998,29.936397891664402
316,318,318,42.8280761,-80.939463,Omemee (Canada),ON,2004-08-29T19:35:00.000Z,2004,8,Woodstock Airport,43.11107820000001,-80.82423829999998,32.81451965501483
317,319,319,44.2485153,-76.9503387,Napanee (Canada),ON,2013-10-19T23:30:00.000Z,2013,10,Belleville Airport,44.19195999999999,-77.309648,29.391660498942144
318,320,320,44.98567360000001,-78.0683614,North Bay (Canada),ON,2008-08-08T22:00:00.000Z,2008,8,Pencil Lake Waterdrome,44.80638,-78.35121699999998,29.936397891664402
319,321,321,42.8885911,-82.45330129999998,Corunna (Canada),ON,2007-06-18T08:45:00.000Z,2007,6,St. Clair County International Airport,42.91043899999999,-82.52809520000001,6.573201412896747
320,322,322,43.3644043,-80.31257120000002,Cambridge (Galt) (Canada),ON,1976-11-15T20:00:00.000Z,1976,11,Elmira (East) Airport,43.593756299999995,-80.51510440000001,30.295233341868638
321,323,323,43.6183234,-79.4952839,Newcastle (Canada),ON,2001-05-10T23:00:00.000Z,2001,5,Tottenham/Volk Airport,43.993352,-79.781904,47.62575106940916
322,324,324,42.8740386,-81.2585507,London (Hwy 401) (Canada),ON,1973-06-30T21:00:00.000Z,1973,6,Melbourne Airport,42.82444599999999,-81.548813,24.35726732819136
323,325,325,43.76012025,-77.68316025176699,Ontario (Canada),ON,2006-07-30T23:30:00.000Z,2006,7,Severn NDB ZZR 317,44.0527285,-77.6266046,32.827725181338614
324,326,326,44.1833,-79.8370971,Alliston (Canada),ON,2014-08-27T20:45:00.000Z,2014,8,Burbank Field,44.027743,-80.20532399999998,34.17490054234425
325,327,327,44.8433048,-75.5463672,Spencerville (Canada),ON,1997-03-20T20:00:00.000Z,1997,3,Rideau Valley Air Park,45.103281,-75.627371,29.58965573930392
326,328,328,44.81681029999999,-76.1581198,Kingston (north of) (Canada),ON,1988-08-15T20:00:00.000Z,1988,8,Dwyer Hill Heliport,45.130556,-75.94833299999998,38.5947890203962
327,329,329,42.051577,-82.5989233,Leamington (Canada),ON,2002-01-11T20:00:00.000Z,2002,1,Cottam Airport,42.139764,-82.65274000000001,10.75966765537884
328,330,330,44.98567360000001,-78.0683614,North Bay (Canada),ON,1973-06-06T22:00:00.000Z,1973,6,Pencil Lake Waterdrome,44.80638,-78.35121699999998,29.936397891664402
329,331,331,44.98567360000001,-78.0683614,North Bay (Canada),ON,2003-08-06T00:32:00.000Z,2003,8,Pencil Lake Waterdrome,44.80638,-78.35121699999998,29.936397891664402
330,332,332,44.5362884,-78.3533936,Buckhorn Lake (Canada),ON,1983-11-14T18:30:00.000Z,1983,11,Pencil Lake Waterdrome,44.80638,-78.35121699999998,30.01452119895109
331,333,333,44.9485495,-75.97047859999998,Rosedale (Canada),ON,1969-09-03T20:00:00.000Z,1969,9,Rideau Valley Air Park,45.103281,-75.627371,32.045127588335795
332,334,334,45.3445759,-75.7630108,Nepean (Canada),ON,1987-11-09T19:50:00.000Z,1987,11,Cascades Water Aerodrome,45.585833,-75.86805600000001,28.043785352493817
333,335,335,43.3824265,-80.97089628393009,Bedford (Canada),ON,1960-07-17T22:00:00.000Z,1960,7,Woodstock Airport,43.11107820000001,-80.82423829999998,32.41376544498359
334,336,336,43.7072895,-80.3744335,Fergus (Canada),ON,1990-10-05T22:00:00.000Z,1990,10,Burbank Field,44.027743,-80.20532399999998,38.11218810719914
335,337,337,42.6087264,-82.51813502142541,Walpole Island (Canada),ON,2016-01-03T21:00:00.000Z,2016,1,Stoney Point (Le Cunff) Airport,42.295556,-82.535,34.81526920674935
336,338,338,44.4082794,-76.6021692,Sydenham (Canada),ON,2013-08-06T22:40:00.000Z,2013,8,Tyendinaga Mohawk Airfield,44.183391,-77.10293899999998,47.134112448217614
337,339,339,43.7072895,-80.3744335,Fergus/Guelph (Canada),ON,2006-12-16T06:30:00.000Z,2006,12,Burbank Field,44.027743,-80.20532399999998,38.11218810719914
338,340,340,42.988097,-81.24602940000003,London (Canada),ON,2013-07-10T22:00:00.000Z,2013,7,Chapeskie Field,43.068333,-81.125556,13.261478715263097
339,341,341,45.2731133,-75.7517284,Ottawa (Canada),ON,2015-09-21T19:30:00.000Z,2015,9,Rideau Valley Air Park,45.103281,-75.627371,21.25451767674297
340,342,342,42.1726177,-82.8225981,Essex (Canada),ON,2010-08-15T11:00:00.000Z,2010,8,Cottam Airport,42.139764,-82.65274000000001,14.504961840500188
341,343,343,43.9189239,-79.1062298,Toronto/Pickering (Canada),ON,2009-08-14T06:05:00.000Z,2009,8,Baldwin Airfield,44.267272,-79.34070299999998,43.02029705467191
342,344,344,42.3970242,-82.1796228,Chatham (Canada),ON,2004-12-14T17:00:00.000Z,2004,12,Stoney Point (Le Cunff) Airport,42.295556,-82.535,31.377303868762276
343,345,345,42.9658012,-81.59169759999997,Strathroy (east of) (Canada),ON,2000-05-14T11:25:00.000Z,2000,5,Melbourne Airport,42.82444599999999,-81.548813,16.089173668439066
344,346,346,44.1504618,-77.1452343,Prince Edward County (Canada),ON,2013-11-12T01:15:00.000Z,2013,11,Belleville Airport,44.19195999999999,-77.309648,13.934086583196477
345,347,347,42.7869606,-80.20019520000002,Port Dover (Canada),ON,2013-08-17T21:24:00.000Z,2013,8,Grand River Waterdrome,43.086110999999995,-80.05166700000001,35.3753717241999
346,348,348,42.9981744,-82.30882038716479,Sarnia (Canada),ON,2016-06-17T22:40:00.000Z,2016,6,St. Clair County International Airport,42.91043899999999,-82.52809520000001,20.375509628840074
347,349,349,44.1948917,-77.0496199,Deseronto (Canada),ON,1990-01-15T22:00:00.000Z,1990,1,Belleville Airport,44.19195999999999,-77.309648,20.79053249298215
348,350,350,42.3970242,-82.1796228,Chatham (Canada),ON,2005-11-03T22:30:00.000Z,2005,11,Stoney Point (Le Cunff) Airport,42.295556,-82.535,31.377303868762276
349,351,351,42.9981744,-82.30882038716479,Sarnia (Canada),ON,2015-10-06T20:20:00.000Z,2015,10,St. Clair County International Airport,42.91043899999999,-82.52809520000001,20.375509628840074
350,352,352,43.7935251,-79.3161605,Aurora (Canada),ON,2010-11-14T19:34:00.000Z,2010,11,Tottenham/Volk Airport,43.993352,-79.781904,43.513035421469674
351,353,353,43.5534982,-80.25166329999998,Havelock (Canada),ON,2014-10-12T21:30:00.000Z,2014,10,Elmira (East) Airport,43.593756299999995,-80.51510440000001,21.745306766769318
352,354,354,44.8413939,-79.44739820000002,Lion's Head (Canada),ON,2005-06-23T23:00:00.000Z,2005,6,Matchedash Lake Waterdrome,44.788925,-79.500198,7.172219127210718
353,355,355,44.383296,-77.9712779160078,Norwood (Canada),ON,2012-09-22T00:40:00.000Z,2012,9,Stirling Airport,44.2414388,-77.5617281,36.2789312262069
354,356,356,44.98567360000001,-78.0683614,North Bay (Canada),ON,2001-01-05T16:20:00.000Z,2001,1,Pencil Lake Waterdrome,44.80638,-78.35121699999998,29.936397891664402
355,357,357,42.1726177,-82.8225981,Essex (Canada),ON,2010-08-12T09:00:00.000Z,2010,8,Cottam Airport,42.139764,-82.65274000000001,14.504961840500188
356,358,358,44.5235232,-80.0185295,Willow Beach (Canada),ON,2012-08-19T21:05:00.000Z,2012,8,Wyevale (Boker Field) Airport,44.6575774,-79.8816392,18.440845700820944
357,359,359,43.7072895,-80.3744335,Fergus (Canada),ON,2001-07-08T23:00:00.000Z,2001,7,Burbank Field,44.027743,-80.20532399999998,38.11218810719914
358,360,360,43.1314966,-80.74716509999998,Woodstock (Canada),ON,2016-10-28T06:00:00.000Z,2016,10,Woodstock Airport,43.11107820000001,-80.82423829999998,6.6698317302766075
359,361,361,44.2415629,-78.16205670000002,Keene (Canada),ON,2006-05-21T13:00:00.000Z,2006,5,Elmhirst's Resort Waterdrome,44.25135999999999,-78.10324899999998,4.82167347050357
360,362,362,44.4309875,-78.3966746,Listowel (Canada),ON,2009-08-02T23:00:00.000Z,2009,8,Pencil Lake Waterdrome,44.80638,-78.35121699999998,41.870965633942056
361,363,363,43.86502460000001,-78.9382383,Whitby (Canada),ON,2015-09-06T22:00:00.000Z,2015,9,Billy Bishop Toronto City Airport,43.6284819,-79.39595770000001,45.27628408617601
362,364,364,43.5136705,-79.88281640000002,Milton,ON,2008-04-25T00:00:00.000Z,2008,4,Reid's Field,43.444063,-80.233233,29.38625514184414
363,365,365,44.47569445,-80.08241536062809,Wasaga Beach (Canada),ON,2013-04-14T20:30:00.000Z,2013,4,Wyevale (Boker Field) Airport,44.6575774,-79.8816392,25.746569907878005
364,366,366,43.8595029,-79.50685209999997,Maple (Canada),ON,2011-06-14T01:20:00.000Z,2011,6,Tottenham/Volk Airport,43.993352,-79.781904,26.628218988190024
365,367,367,43.36453570000001,-80.97577220000002,Stratford (Canada),ON,2003-08-08T00:00:00.000Z,2003,8,Woodstock Airport,43.11107820000001,-80.82423829999998,30.731031039563263
366,368,368,44.98567360000001,-78.0683614,North Bay (Canada),ON,2008-11-14T02:20:00.000Z,2008,11,Pencil Lake Waterdrome,44.80638,-78.35121699999998,29.936397891664402
367,369,369,44.98567360000001,-78.0683614,North Bay (Canada),ON,2007-04-03T13:00:00.000Z,2007,4,Pencil Lake Waterdrome,44.80638,-78.35121699999998,29.936397891664402
368,370,370,42.921189700000006,-78.956133,Fort Erie (Canada),ON,2014-03-27T06:00:00.000Z,2014,3,Port Colborne Airport,42.87635349999999,-79.35574989999998,33.01642933523452
369,371,371,43.36453570000001,-80.97577220000002,Stratford (Canada),ON,2003-12-28T19:30:00.000Z,2003,12,Woodstock Airport,43.11107820000001,-80.82423829999998,30.731031039563263
370,372,372,44.98567360000001,-78.0683614,North Bay (Canada),ON,2001-08-04T14:00:00.000Z,2001,8,Pencil Lake Waterdrome,44.80638,-78.35121699999998,29.936397891664402
371,373,373,44.81681029999999,-76.1581198,Kingston (North of) (Canada),ON,2000-12-20T20:38:00.000Z,2000,12,Dwyer Hill Heliport,45.130556,-75.94833299999998,38.5947890203962
372,374,374,42.9981744,-82.30882038716479,Sarnia (Canada),ON,2014-08-02T17:50:00.000Z,2014,8,St. Clair County International Airport,42.91043899999999,-82.52809520000001,20.375509628840074
373,375,375,44.47569445,-80.08241536062809,Wasaga Beach (Canada),ON,1999-08-20T00:00:00.000Z,1999,8,Wyevale (Boker Field) Airport,44.6575774,-79.8816392,25.746569907878005
374,376,376,42.8736603,-81.56872790000001,Falconbridge (Canada),ON,1961-07-15T06:30:00.000Z,1961,7,Melbourne Airport,42.82444599999999,-81.548813,5.704405426131358
375,377,377,43.50984295,-80.5306305,Carlisle (Canada),ON,1996-08-23T01:00:00.000Z,1996,8,Elmira (East) Airport,43.593756299999995,-80.51510440000001,9.407106420669871
376,378,378,43.9194098,-80.09882370000003,Orangeville (Canada),ON,1999-12-16T22:00:00.000Z,1999,12,Burbank Field,44.027743,-80.20532399999998,14.762170015428035
377,379,379,42.9981744,-82.30882038716479,Sarnia (Canada),ON,2007-06-03T21:00:00.000Z,2007,6,St. Clair County International Airport,42.91043899999999,-82.52809520000001,20.375509628840074
378,380,380,43.08955770000001,-79.0849436,Niagara Falls (Canada),ON,2016-09-22T08:45:00.000Z,2016,9,Port Colborne Airport,42.87635349999999,-79.35574989999998,32.386261729369615
379,381,381,44.005493,-79.5734085,Kettleby (Canada),ON,2002-10-05T22:00:00.000Z,2002,10,Tottenham/Volk Airport,43.993352,-79.781904,16.777111640647078
380,382,382,43.9722438,-78.6117017,Orono (Canada),ON,2016-06-10T22:53:00.000Z,2016,6,Oshawa Executive Airport,43.925570500000006,-78.8968637,23.47143686598884
381,383,383,42.3970242,-82.1796228,Chatham (Canada),ON,2011-06-01T14:00:00.000Z,2011,6,Stoney Point (Le Cunff) Airport,42.295556,-82.535,31.377303868762276
382,384,384,42.1726177,-82.8225981,Essex (Canada),ON,2010-06-20T11:00:00.000Z,2010,6,Cottam Airport,42.139764,-82.65274000000001,14.504961840500188
383,385,385,44.81681029999999,-76.1581198,Kingston (northeast of) (Canada),ON,2003-07-24T23:10:00.000Z,2003,7,Dwyer Hill Heliport,45.130556,-75.94833299999998,38.5947890203962
384,386,386,44.65750415,-78.8036211264519,Coboconk (Canada),ON,2013-05-19T22:45:00.000Z,2013,5,Head Lake Waterdrome,44.721575,-78.909864,11.028316755077233
385,387,387,43.9862072,-77.2381816,Bloomfield (Canada),ON,2002-08-03T02:25:00.000Z,2002,8,Belleville Airport,44.19195999999999,-77.309648,23.567552660261132
386,388,388,43.575633,-79.7868273,Dunrobin (Canada),ON,2013-10-28T06:20:00.000Z,2013,10,Smith Field,43.775844899999996,-80.229815,42.0829351656801
387,389,389,44.426161,-76.3996423,Nobel (Canada),ON,2004-10-10T09:45:00.000Z,2004,10,Breezy Meadows,44.088,-76.26916659999999,38.993438758458645
388,390,390,43.906272,-78.67768740000002,Bowmanville (Canada),ON,2014-08-15T22:25:00.000Z,2014,8,Oshawa Executive Airport,43.925570500000006,-78.8968637,17.734207684988483
389,391,391,42.9039269,-81.4455103,Mount Brydges (Canada),ON,2010-11-02T01:00:00.000Z,2010,11,Melbourne Airport,42.82444599999999,-81.548813,12.215847426475364
390,392,392,43.5414545,-80.3183535,Elmira (Canada),ON,2012-07-12T17:50:00.000Z,2012,7,Elmira (East) Airport,43.593756299999995,-80.51510440000001,16.923686699723355
391,393,393,44.1648915,-78.8040415,Nestleton (Canada),ON,1996-09-27T04:20:00.000Z,1996,9,Baldwin Airfield,44.267272,-79.34070299999998,44.3701218211426
392,394,394,42.3189421,-82.8863047,Tecumseh (Canada),ON,2012-08-24T21:30:00.000Z,2012,8,Cottam Airport,42.139764,-82.65274000000001,27.71077998659894
393,395,395,42.9981744,-82.30882038716479,Sarnia (Canada),ON,2014-09-01T18:25:00.000Z,2014,9,St. Clair County International Airport,42.91043899999999,-82.52809520000001,20.375509628840074
394,396,396,44.67942470000001,-79.31057750000002,Orillia (Canada),ON,2007-07-29T08:37:00.000Z,2007,7,Matchedash Lake Waterdrome,44.788925,-79.500198,19.33050016673497
395,397,397,43.4798639,-80.504122,Meaford (Canada),ON,2011-08-18T21:00:00.000Z,2011,8,Elmira (East) Airport,43.593756299999995,-80.51510440000001,12.684908004625353
396,398,398,44.1833,-79.8370971,Alliston (Canada),ON,2013-06-15T22:15:00.000Z,2013,6,Burbank Field,44.027743,-80.20532399999998,34.17490054234425
397,399,399,42.9037317,-79.6170804,Dunnville (Canada),ON,2013-06-29T22:20:00.000Z,2013,6,Port Colborne Airport,42.87635349999999,-79.35574989999998,21.562670995393997
398,400,400,42.7869606,-80.20019520000002,Port Dover (Canada),ON,2012-05-20T22:26:00.000Z,2012,5,Grand River Waterdrome,43.086110999999995,-80.05166700000001,35.3753717241999
399,401,401,43.85905115,-79.05890580953671,Pickering (Canada,ON,2016-05-13T13:00:00.000Z,2016,5,Billy Bishop Toronto City Airport,43.6284819,-79.39595770000001,37.32800607368902
400,402,402,43.89537670000001,-79.4455753,Naughton (Canada),ON,2013-04-22T05:25:00.000Z,2013,4,Tottenham/Volk Airport,43.993352,-79.781904,29.112744179873594
401,403,403,42.9326725,-80.5626695,Otterville (Canada),ON,2004-06-04T01:00:00.000Z,2004,6,Woodstock Airport,43.11107820000001,-80.82423829999998,29.110173926289185
402,404,404,44.1033103,-77.57589279999998,Trenton (Canada),ON,2001-04-11T07:40:00.000Z,2001,4,Belleville Airport,44.19195999999999,-77.309648,23.468707928589957
403,405,405,43.9877279,-77.1383746520964,Picton (Canada),ON,2009-01-26T20:30:00.000Z,2009,1,Belleville Airport,44.19195999999999,-77.309648,26.516298576475243
404,406,406,45.4009547,-75.6514303,Ontario (Eastern) (Canada),ON,2004-05-04T22:00:00.000Z,2004,5,Cascades Water Aerodrome,45.585833,-75.86805600000001,26.62576791412501
405,407,407,43.9638623,-78.16893879999998,Cobourg (Canada),ON,2014-12-26T20:30:00.000Z,2014,12,Elmhirst's Resort Waterdrome,44.25135999999999,-78.10324899999998,32.375137058637335
406,408,408,44.5840953,-78.8459403,Balsam Lake (Canada),ON,2013-08-25T00:30:00.000Z,2013,8,Head Lake Waterdrome,44.721575,-78.909864,16.09689608951468
407,409,409,42.2643357,-82.4214885,Tilbury (Canada),ON,2003-08-27T22:07:00.000Z,2003,8,Stoney Point (Le Cunff) Airport,42.295556,-82.535,9.984765805741636
408,410,410,44.8433048,-75.5463672,Spencerville (Canada),ON,2012-12-29T00:50:00.000Z,2012,12,Rideau Valley Air Park,45.103281,-75.627371,29.58965573930392
409,411,411,43.8490296,-79.0209588,Ajax (Canada),ON,2015-06-04T02:20:00.000Z,2015,6,Billy Bishop Toronto City Airport,43.6284819,-79.39595770000001,38.897792362521116
410,412,412,42.9234366,-80.7465882,Tillsonburg (Canada),ON,2015-10-13T10:34:00.000Z,2015,10,Woodstock Airport,43.11107820000001,-80.82423829999998,21.785542300000888
411,413,413,42.9981744,-82.30882038716479,Sarnia (Canada),ON,2014-07-13T22:30:00.000Z,2014,7,St. Clair County International Airport,42.91043899999999,-82.52809520000001,20.375509628840074
