lat,lng,city,state,date,year,month
50.1785158,-86.713331,Northern Canada,ON,1995-02-06T01:00:00.000Z,1995,2
48.6530506,-93.8267063,Emo (Canada),ON,2005-08-04T23:30:00.000Z,2005,8
52.9239892,-82.4283488428012,Attawapiskat (Canada),ON,2012-10-08T21:45:00.000Z,2012,10
52.9239892,-82.4283488428012,Attawapiskat (Canada),ON,2012-10-08T21:45:00.000Z,2012,10
50.1785158,-86.713331,Northern Canada,ON,1995-02-06T01:00:00.000Z,1995,2
47.8209323,-83.3549857,Chapleau (Canada),ON,2009-09-23T22:00:00.000Z,2009,9
49.70434385,-87.766674169786,Bearskin Lake (Canada),ON,2007-10-26T19:00:00.000Z,2007,10
46.6667476,-80.7497966,Skead (Canada),ON,2015-06-01T01:00:00.000Z,2015,6
46.1770206,-77.6945747,Rolphton (Canada),ON,1997-06-01T19:30:00.000Z,1997,6
46.9599336,-84.6871352,Pancake Bay (Canada),ON,2008-10-15T03:00:00.000Z,2008,10
52.9239892,-82.4283488428012,Attawapiskat (Canada),ON,2012-10-08T21:45:00.000Z,2012,10
52.9239892,-82.4283488428012,Attawapiskat (Canada),ON,2012-10-08T21:45:00.000Z,2012,10
51.266667,-80.6499999,Moosonee (Canada),ON,2007-01-18T17:30:00.000Z,2007,1
50.1785158,-86.713331,Northern Canada,ON,1995-02-06T01:00:00.000Z,1995,2
46.6667476,-80.7497966,Skead (Canada),ON,2015-06-01T01:00:00.000Z,2015,6
52.9239892,-82.4283488428012,Attawapiskat (Canada),ON,2012-10-08T21:45:00.000Z,2012,10
52.9239892,-82.4283488428012,Attawapiskat (Canada),ON,2012-10-08T21:45:00.000Z,2012,10
46.6667476,-80.7497966,Skead (Canada),ON,2015-06-01T01:00:00.000Z,2015,6
46.4490938,-82.6905028990394,Elliot Lake (Canada),ON,2016-05-23T23:30:00.000Z,2016,5
51.266667,-80.6499999,Moosonee (Canada),ON,2007-01-18T17:30:00.000Z,2007,1
52.9239892,-82.4283488428012,Attawapiskat (Canada),ON,2012-10-08T21:45:00.000Z,2012,10
52.9239892,-82.4283488428012,Attawapiskat (Canada),ON,2012-10-08T21:45:00.000Z,2012,10
52.9239892,-82.4283488428012,Attawapiskat (Canada),ON,2012-10-08T21:45:00.000Z,2012,10
52.9239892,-82.4283488428012,Attawapiskat (Canada),ON,2012-10-08T21:45:00.000Z,2012,10
52.9239892,-82.4283488428012,Attawapiskat (Canada),ON,2012-10-08T21:45:00.000Z,2012,10
51.266667,-80.6499999,Moosonee (Canada),ON,2007-01-18T17:30:00.000Z,2007,1
52.9239892,-82.4283488428012,Attawapiskat (Canada),ON,2012-10-08T21:45:00.000Z,2012,10
49.789617,-93.6748203,Lake Winnange (Canada),ON,2013-08-13T23:20:00.000Z,2013,8
44.9485495,-75.9704786,Rosedale (Canada),ON,1969-09-03T20:00:00.000Z,1969,9
52.9239892,-82.4283488428012,Attawapiskat (Canada),ON,2012-10-08T21:45:00.000Z,2012,10
48.7162203,-86.3758953,Marathon,ON,2014-06-14T22:00:00.000Z,2014,6
52.9239892,-82.4283488428012,Attawapiskat (Canada),ON,2012-10-08T21:45:00.000Z,2012,10
52.9239892,-82.4283488428012,Attawapiskat (Canada),ON,2012-10-08T21:45:00.000Z,2012,10
43.3824265,-80.9708962839301,Bedford (Canada),ON,1960-07-17T22:00:00.000Z,1960,7
46.4490938,-82.6905028990394,Elliot Lake (Canada),ON,2016-05-23T23:30:00.000Z,2016,5
43.9194098,-80.0988237,Orangeville (Canada),ON,2013-11-13T18:00:00.000Z,2013,11
47.3940148,-79.6870887,Cobalt (Canada),ON,2001-08-14T23:30:00.000Z,2001,8
50.1785158,-86.713331,Northern Canada,ON,1995-02-06T01:00:00.000Z,1995,2
44.2681223,-78.7052915,Stoney Creek (Canada),ON,2009-10-23T00:00:00.000Z,2009,10
52.9239892,-82.4283488428012,Attawapiskat (Canada),ON,2012-10-08T21:45:00.000Z,2012,10
46.9599336,-84.6871352,Pancake Bay (Canada),ON,2008-10-15T03:00:00.000Z,2008,10
50.1785158,-86.713331,Northern Canada,ON,1995-02-06T01:00:00.000Z,1995,2
50.1785158,-86.713331,Northern Canada,ON,1995-02-06T01:00:00.000Z,1995,2
50.1785158,-86.713331,Northern Canada,ON,1995-02-06T01:00:00.000Z,1995,2
52.9239892,-82.4283488428012,Attawapiskat (Canada),ON,2012-10-08T21:45:00.000Z,2012,10
49.70434385,-87.766674169786,Bearskin Lake (Canada),ON,2007-10-26T19:00:00.000Z,2007,10
49.5288403,-84.5630623171128,Angus (Canada),ON,2000-08-21T03:30:00.000Z,2000,8
50.1785158,-86.713331,Northern Canada,ON,1995-02-06T01:00:00.000Z,1995,2
46.1770206,-77.6945747,Rolphton (Canada),ON,1997-06-01T19:30:00.000Z,1997,6
49.1055984,-81.0136031,Cochrane (Canada),ON,2012-09-04T22:00:00.000Z,2012,9
49.70434385,-87.766674169786,Bearskin Lake (Canada),ON,2007-10-26T19:00:00.000Z,2007,10
52.9239892,-82.4283488428012,Attawapiskat (Canada),ON,2012-10-08T21:45:00.000Z,2012,10
45.4380475,-76.3594014,Arnprior (Canada),ON,2016-06-17T21:00:00.000Z,2016,6
49.70434385,-87.766674169786,Bearskin Lake (Canada),ON,2007-10-26T19:00:00.000Z,2007,10
49.1055984,-81.0136031,Cochrane (Canada),ON,2012-09-04T22:00:00.000Z,2012,9
46.5111755,-80.8384057,Coniston (Canada),ON,2009-09-04T01:30:00.000Z,2009,9
52.9239892,-82.4283488428012,Attawapiskat (Canada),ON,2012-10-08T21:45:00.000Z,2012,10
52.9239892,-82.4283488428012,Attawapiskat (Canada),ON,2012-10-08T21:45:00.000Z,2012,10
49.70434385,-87.766674169786,Bearskin Lake (Canada),ON,2007-10-26T19:00:00.000Z,2007,10
52.9239892,-82.4283488428012,Attawapiskat (Canada),ON,2012-10-08T21:45:00.000Z,2012,10
48.7162203,-86.3758953,Marathon,ON,2014-06-14T22:00:00.000Z,2014,6
51.266667,-80.6499999,Moosonee (Canada),ON,2007-01-18T17:30:00.000Z,2007,1
52.9239892,-82.4283488428012,Attawapiskat (Canada),ON,2012-10-08T21:45:00.000Z,2012,10
49.8150703,-92.9815933,Oxdrift (Canada),ON,1982-07-01T21:00:00.000Z,1982,7
52.9239892,-82.4283488428012,Attawapiskat (Canada),ON,2012-10-08T21:45:00.000Z,2012,10
49.5288403,-84.5630623171128,Angus (Canada),ON,2000-08-21T03:30:00.000Z,2000,8
45.938467,-80.904724,Lefroy (Canada),ON,1998-08-15T20:00:00.000Z,1998,8
52.9239892,-82.4283488428012,Attawapiskat (Canada),ON,2012-10-08T21:45:00.000Z,2012,10
51.266667,-80.6499999,Moosonee (Canada),ON,2007-01-18T17:30:00.000Z,2007,1
52.9239892,-82.4283488428012,Attawapiskat (Canada),ON,2012-10-08T21:45:00.000Z,2012,10
51.266667,-80.6499999,Moosonee (Canada),ON,2007-01-18T17:30:00.000Z,2007,1
52.9239892,-82.4283488428012,Attawapiskat (Canada),ON,2012-10-08T21:45:00.000Z,2012,10
52.9239892,-82.4283488428012,Attawapiskat (Canada),ON,2012-10-08T21:45:00.000Z,2012,10
43.7494975,-79.4928694,Fonthill (Canada),ON,1992-12-12T00:00:00.000Z,1992,12
52.9239892,-82.4283488428012,Attawapiskat (Canada),ON,2012-10-08T21:45:00.000Z,2012,10
50.1785158,-86.713331,Northern Canada,ON,1995-02-06T01:00:00.000Z,1995,2
49.8581032,-92.7973325,Dryden (Canada),ON,2013-02-01T09:30:00.000Z,2013,2
50.097436,-91.9165156,Sioux Lookout (Canada),ON,2009-03-07T23:00:00.000Z,2009,3
43.6263043,-79.6765074,Missisauga (Canada),ON,2013-10-25T00:00:00.000Z,2013,10
47.8209323,-83.3549857,Chapleau (Canada),ON,2009-09-23T22:00:00.000Z,2009,9
42.6571179,-81.0136016,Port Elgin (Canada),ON,2012-07-04T21:00:00.000Z,2012,7
46.9599336,-84.6871352,Pancake Bay (Canada),ON,2008-10-15T03:00:00.000Z,2008,10
49.70434385,-87.766674169786,Bearskin Lake (Canada),ON,2007-10-26T19:00:00.000Z,2007,10
48.4760636,-81.3283354,Timmins (Canada),ON,2013-09-21T22:30:00.000Z,2013,9
52.9239892,-82.4283488428012,Attawapiskat (Canada),ON,2012-10-08T21:45:00.000Z,2012,10
52.9239892,-82.4283488428012,Attawapiskat (Canada),ON,2012-10-08T21:45:00.000Z,2012,10
50.1785158,-86.713331,Northern Canada,ON,1995-02-06T01:00:00.000Z,1995,2
50.097436,-91.9165156,Sioux Lookout (Canada),ON,2009-03-07T23:00:00.000Z,2009,3
49.70434385,-87.766674169786,Bearskin Lake (Canada),ON,2007-10-26T19:00:00.000Z,2007,10
47.3940148,-79.6870887,Cobalt (Canada),ON,2001-08-14T23:30:00.000Z,2001,8
50.1785158,-86.713331,Northern Canada,ON,1995-02-06T01:00:00.000Z,1995,2
43.76012025,-77.683160251767,Ontario (Canada),ON,1982-08-14T22:00:00.000Z,1982,8
43.4070987,-80.0491967,Freelton (Canada),ON,2005-10-29T00:30:00.000Z,2005,10
52.9239892,-82.4283488428012,Attawapiskat (Canada),ON,2012-10-08T21:45:00.000Z,2012,10
46.4490938,-82.6905028990394,Elliot Lake (Canada),ON,2016-05-23T23:30:00.000Z,2016,5
44.5467964,-79.1762434,Brechin (Canada),ON,2005-11-20T22:30:00.000Z,2005,11
49.1055984,-81.0136031,Cochrane (Canada),ON,2012-09-04T22:00:00.000Z,2012,9
51.266667,-80.6499999,Moosonee (Canada),ON,2007-01-18T17:30:00.000Z,2007,1
52.9239892,-82.4283488428012,Attawapiskat (Canada),ON,2012-10-08T21:45:00.000Z,2012,10
44.1648915,-78.8040415,Nestleton (Canada),ON,1996-09-27T04:20:00.000Z,1996,9
52.9239892,-82.4283488428012,Attawapiskat (Canada),ON,2012-10-08T21:45:00.000Z,2012,10
52.9239892,-82.4283488428012,Attawapiskat (Canada),ON,2012-10-08T21:45:00.000Z,2012,10
50.1785158,-86.713331,Northern Canada,ON,1995-02-06T01:00:00.000Z,1995,2
44.4840327,-77.6810687,Marmora (Canada),ON,2011-08-14T00:30:00.000Z,2011,8
43.9907332,-77.5210035,Consecon (Canada),ON,2008-05-25T21:10:00.000Z,2008,5
48.7637291,-80.6686591,Iroquois Falls (Canada),ON,2014-08-09T21:45:00.000Z,2014,8
52.9239892,-82.4283488428012,Attawapiskat (Canada),ON,2012-10-08T21:45:00.000Z,2012,10
52.9239892,-82.4283488428012,Attawapiskat (Canada),ON,2012-10-08T21:45:00.000Z,2012,10
52.9239892,-82.4283488428012,Attawapiskat (Canada),ON,2012-10-08T21:45:00.000Z,2012,10
50.097436,-91.9165156,Sioux Lookout (Canada),ON,2009-03-07T23:00:00.000Z,2009,3
52.9239892,-82.4283488428012,Attawapiskat (Canada),ON,2012-10-08T21:45:00.000Z,2012,10
52.9239892,-82.4283488428012,Attawapiskat (Canada),ON,2012-10-08T21:45:00.000Z,2012,10
50.1785158,-86.713331,Northern Canada,ON,1995-02-06T01:00:00.000Z,1995,2
49.5288403,-84.5630623171128,Angus (Canada),ON,2000-08-21T03:30:00.000Z,2000,8
51.266667,-80.6499999,Moosonee (Canada),ON,2007-01-18T17:30:00.000Z,2007,1
48.6530506,-93.8267063,Emo (Canada),ON,2005-08-04T23:30:00.000Z,2005,8
45.6141919,-80.5455261,Bayfield Inlet (Canada),ON,2007-09-16T04:00:00.000Z,2007,9
50.1785158,-86.713331,Northern Canada,ON,1995-02-06T01:00:00.000Z,1995,2
46.5111755,-80.8384057,Coniston (Canada),ON,2009-09-04T01:30:00.000Z,2009,9
46.5990787,-81.1823224,Sudbury (Canada),ON,2014-08-10T23:15:00.000Z,2014,8
49.789617,-93.6748203,Lake Winnange (Canada),ON,2013-08-13T23:20:00.000Z,2013,8
50.097436,-91.9165156,Sioux Lookout (Canada),ON,2009-03-07T23:00:00.000Z,2009,3
52.9239892,-82.4283488428012,Attawapiskat (Canada),ON,2012-10-08T21:45:00.000Z,2012,10
52.9239892,-82.4283488428012,Attawapiskat (Canada),ON,2012-10-08T21:45:00.000Z,2012,10
52.9239892,-82.4283488428012,Attawapiskat (Canada),ON,2012-10-08T21:45:00.000Z,2012,10
49.1055984,-81.0136031,Cochrane (Canada),ON,2012-09-04T22:00:00.000Z,2012,9
45.4874388,-77.6763313,Barrys Bay (Canada),ON,2009-09-19T22:00:00.000Z,2009,9
52.9239892,-82.4283488428012,Attawapiskat (Canada),ON,2012-10-08T21:45:00.000Z,2012,10
52.9239892,-82.4283488428012,Attawapiskat (Canada),ON,2012-10-08T21:45:00.000Z,2012,10
50.1785158,-86.713331,Northern Canada,ON,1995-02-06T01:00:00.000Z,1995,2
52.9239892,-82.4283488428012,Attawapiskat (Canada),ON,2012-10-08T21:45:00.000Z,2012,10
51.266667,-80.6499999,Moosonee (Canada),ON,2007-01-18T17:30:00.000Z,2007,1
48.4902991,-81.3342007,Lavigne (Canada),ON,1979-06-15T21:30:00.000Z,1979,6
50.097436,-91.9165156,Sioux Lookout (Canada),ON,2009-03-07T23:00:00.000Z,2009,3
51.266667,-80.6499999,Moosonee (Canada),ON,2007-01-18T17:30:00.000Z,2007,1
50.097436,-91.9165156,Sioux Lookout (Canada),ON,2009-03-07T23:00:00.000Z,2009,3
49.73970175,-95.1363316145362,Ontario Province (Canada),ON,2008-07-24T00:00:00.000Z,2008,7
49.1055984,-81.0136031,Cochrane (Canada),ON,2012-09-04T22:00:00.000Z,2012,9
50.1785158,-86.713331,Northern Canada,ON,1995-02-06T01:00:00.000Z,1995,2
52.9239892,-82.4283488428012,Attawapiskat (Canada),ON,2012-10-08T21:45:00.000Z,2012,10
43.1671475,-79.4799685,Beamsville (Canada),ON,2006-09-21T21:00:00.000Z,2006,9
51.266667,-80.6499999,Moosonee (Canada),ON,2007-01-18T17:30:00.000Z,2007,1
50.097436,-91.9165156,Sioux Lookout (Canada),ON,2009-03-07T23:00:00.000Z,2009,3
48.6530506,-93.8267063,Emo (Canada),ON,2005-08-04T23:30:00.000Z,2005,8
52.9239892,-82.4283488428012,Attawapiskat (Canada),ON,2012-10-08T21:45:00.000Z,2012,10
48.6530506,-93.8267063,Emo (Canada),ON,2005-08-04T23:30:00.000Z,2005,8
52.9239892,-82.4283488428012,Attawapiskat (Canada),ON,2012-10-08T21:45:00.000Z,2012,10
47.3940148,-79.6870887,Cobalt (Canada),ON,2001-08-14T23:30:00.000Z,2001,8
46.4490938,-82.6905028990394,Elliot Lake (Canada),ON,2016-05-23T23:30:00.000Z,2016,5
48.7738991,-91.6386031,Atikokan (Canada),ON,2010-09-28T22:00:00.000Z,2010,9
52.9239892,-82.4283488428012,Attawapiskat (Canada),ON,2012-10-08T21:45:00.000Z,2012,10
46.9599336,-84.6871352,Pancake Bay (Canada),ON,2008-10-15T03:00:00.000Z,2008,10
46.6667476,-80.7497966,Skead (Canada),ON,2015-06-01T01:00:00.000Z,2015,6
52.9239892,-82.4283488428012,Attawapiskat (Canada),ON,2012-10-08T21:45:00.000Z,2012,10
48.4061651,-89.2591414,Thunder Bay (Canada),ON,2014-08-10T04:45:00.000Z,2014,8
52.9239892,-82.4283488428012,Attawapiskat (Canada),ON,2012-10-08T21:45:00.000Z,2012,10
52.9239892,-82.4283488428012,Attawapiskat (Canada),ON,2012-10-08T21:45:00.000Z,2012,10
52.9239892,-82.4283488428012,Attawapiskat (Canada),ON,2012-10-08T21:45:00.000Z,2012,10
49.789617,-93.6748203,Lake Winnange (Canada),ON,2013-08-13T23:20:00.000Z,2013,8
49.789617,-93.6748203,Lake Winnange (Canada),ON,2013-08-13T23:20:00.000Z,2013,8
50.097436,-91.9165156,Sioux Lookout (Canada),ON,2009-03-07T23:00:00.000Z,2009,3
52.9239892,-82.4283488428012,Attawapiskat (Canada),ON,2012-10-08T21:45:00.000Z,2012,10
45.1528107,-79.1111997,Baysville (Canada),ON,1975-07-01T17:00:00.000Z,1975,7
44.1833,-79.8370971,Alliston (Canada),ON,2014-08-27T20:45:00.000Z,2014,8
52.9239892,-82.4283488428012,Attawapiskat (Canada),ON,2012-10-08T21:45:00.000Z,2012,10
44.5841565,-80.9234599,Bayfield (Canada),ON,2011-08-04T22:45:00.000Z,2011,8
52.9239892,-82.4283488428012,Attawapiskat (Canada),ON,2012-10-08T21:45:00.000Z,2012,10
43.289512,-81.7181091,Grand Bend (Canada),ON,2011-07-16T23:00:00.000Z,2011,7
51.266667,-80.6499999,Moosonee (Canada),ON,2007-01-18T17:30:00.000Z,2007,1
52.9239892,-82.4283488428012,Attawapiskat (Canada),ON,2012-10-08T21:45:00.000Z,2012,10
52.9239892,-82.4283488428012,Attawapiskat (Canada),ON,2012-10-08T21:45:00.000Z,2012,10
52.9239892,-82.4283488428012,Attawapiskat (Canada),ON,2012-10-08T21:45:00.000Z,2012,10
42.6571179,-81.0136016,Port Elgin (Canada),ON,2012-07-04T21:00:00.000Z,2012,7
52.9239892,-82.4283488428012,Attawapiskat (Canada),ON,2012-10-08T21:45:00.000Z,2012,10
52.9239892,-82.4283488428012,Attawapiskat (Canada),ON,2012-10-08T21:45:00.000Z,2012,10
42.9981744,-82.3088203871648,Sarnia (Canada),ON,2016-08-27T22:15:00.000Z,2016,8
47.8209323,-83.3549857,Chapleau (Canada),ON,2009-09-23T22:00:00.000Z,2009,9
51.266667,-80.6499999,Moosonee (Canada),ON,2007-01-18T17:30:00.000Z,2007,1
46.1770206,-77.6945747,Rolphton (Canada),ON,1997-06-01T19:30:00.000Z,1997,6
52.9239892,-82.4283488428012,Attawapiskat (Canada),ON,2012-10-08T21:45:00.000Z,2012,10
50.097436,-91.9165156,Sioux Lookout (Canada),ON,2009-03-07T23:00:00.000Z,2009,3
48.4028378,-89.625413,Kakabeka Falls (Canada),ON,2015-01-01T01:00:00.000Z,2015,1
52.9239892,-82.4283488428012,Attawapiskat (Canada),ON,2012-10-08T21:45:00.000Z,2012,10
47.8209323,-83.3549857,Chapleau (Canada),ON,2009-09-23T22:00:00.000Z,2009,9
46.5575661,-84.3525956,Lethbridge (Canada),ON,1997-08-20T23:00:00.000Z,1997,8
52.9239892,-82.4283488428012,Attawapiskat (Canada),ON,2012-10-08T21:45:00.000Z,2012,10
50.097436,-91.9165156,Sioux Lookout (Canada),ON,2009-03-07T23:00:00.000Z,2009,3
49.1994786,-84.7891164,Cedar Point (Canada),ON,1987-06-20T12:15:00.000Z,1987,6
52.9239892,-82.4283488428012,Attawapiskat (Canada),ON,2012-10-08T21:45:00.000Z,2012,10
52.9239892,-82.4283488428012,Attawapiskat (Canada),ON,2012-10-08T21:45:00.000Z,2012,10
47.8209323,-83.3549857,Chapleau (Canada),ON,2009-09-23T22:00:00.000Z,2009,9
52.9239892,-82.4283488428012,Attawapiskat (Canada),ON,2012-10-08T21:45:00.000Z,2012,10
52.9239892,-82.4283488428012,Attawapiskat (Canada),ON,2012-10-08T21:45:00.000Z,2012,10
52.9239892,-82.4283488428012,Attawapiskat (Canada),ON,2012-10-08T21:45:00.000Z,2012,10
52.9239892,-82.4283488428012,Attawapiskat (Canada),ON,2012-10-08T21:45:00.000Z,2012,10
49.5288403,-84.5630623171128,Angus (Canada),ON,2000-08-21T03:30:00.000Z,2000,8
48.4028378,-89.625413,Kakabeka Falls (Canada),ON,2015-01-01T01:00:00.000Z,2015,1
45.3402359,-80.0370221,Parry Sound (Canada),ON,2013-08-10T23:00:00.000Z,2013,8
52.9239892,-82.4283488428012,Attawapiskat (Canada),ON,2012-10-08T21:45:00.000Z,2012,10
42.623613,-80.4501779,Port Rowan (Canada),ON,2014-04-23T23:00:00.000Z,2014,4
52.9239892,-82.4283488428012,Attawapiskat (Canada),ON,2012-10-08T21:45:00.000Z,2012,10
45.4874388,-77.6763313,Barrys Bay (Canada),ON,2009-09-19T22:00:00.000Z,2009,9
52.9239892,-82.4283488428012,Attawapiskat (Canada),ON,2012-10-08T21:45:00.000Z,2012,10
52.9239892,-82.4283488428012,Attawapiskat (Canada),ON,2012-10-08T21:45:00.000Z,2012,10
50.097436,-91.9165156,Sioux Lookout (Canada),ON,2009-03-07T23:00:00.000Z,2009,3
52.9239892,-82.4283488428012,Attawapiskat (Canada),ON,2012-10-08T21:45:00.000Z,2012,10
47.3940148,-79.6870887,Cobalt (Canada),ON,2001-08-14T23:30:00.000Z,2001,8
52.9239892,-82.4283488428012,Attawapiskat (Canada),ON,2012-10-08T21:45:00.000Z,2012,10
50.097436,-91.9165156,Sioux Lookout (Canada),ON,2009-03-07T23:00:00.000Z,2009,3
50.097436,-91.9165156,Sioux Lookout (Canada),ON,2009-03-07T23:00:00.000Z,2009,3
48.4028378,-89.625413,Kakabeka Falls (Canada),ON,2015-01-01T01:00:00.000Z,2015,1
46.1770206,-77.6945747,Rolphton (Canada),ON,1997-06-01T19:30:00.000Z,1997,6
49.5288403,-84.5630623171128,Angus (Canada),ON,2000-08-21T03:30:00.000Z,2000,8
51.266667,-80.6499999,Moosonee (Canada),ON,2007-01-18T17:30:00.000Z,2007,1
51.266667,-80.6499999,Moosonee (Canada),ON,2007-01-18T17:30:00.000Z,2007,1
47.3940148,-79.6870887,Cobalt (Canada),ON,2001-08-14T23:30:00.000Z,2001,8
45.3402359,-80.0370221,Parry Sound (Canada),ON,2013-08-10T23:00:00.000Z,2013,8
43.8675003,-81.2985991,Wingham (Canada),ON,2007-11-18T00:13:00.000Z,2007,11
51.266667,-80.6499999,Moosonee (Canada),ON,2007-01-18T17:30:00.000Z,2007,1
52.9239892,-82.4283488428012,Attawapiskat (Canada),ON,2012-10-08T21:45:00.000Z,2012,10
51.266667,-80.6499999,Moosonee (Canada),ON,2007-01-18T17:30:00.000Z,2007,1
49.789617,-93.6748203,Lake Winnange (Canada),ON,2013-08-13T23:20:00.000Z,2013,8
50.1785158,-86.713331,Northern Canada,ON,1995-02-06T01:00:00.000Z,1995,2
52.9239892,-82.4283488428012,Attawapiskat (Canada),ON,2012-10-08T21:45:00.000Z,2012,10
52.9239892,-82.4283488428012,Attawapiskat (Canada),ON,2012-10-08T21:45:00.000Z,2012,10
52.9239892,-82.4283488428012,Attawapiskat (Canada),ON,2012-10-08T21:45:00.000Z,2012,10
52.9239892,-82.4283488428012,Attawapiskat (Canada),ON,2012-10-08T21:45:00.000Z,2012,10
52.9239892,-82.4283488428012,Attawapiskat (Canada),ON,2012-10-08T21:45:00.000Z,2012,10
47.8209323,-83.3549857,Chapleau (Canada),ON,2009-09-23T22:00:00.000Z,2009,9
49.789617,-93.6748203,Lake Winnange (Canada),ON,2013-08-13T23:20:00.000Z,2013,8
50.1785158,-86.713331,Northern Canada,ON,1995-02-06T01:00:00.000Z,1995,2
52.9239892,-82.4283488428012,Attawapiskat (Canada),ON,2012-10-08T21:45:00.000Z,2012,10
50.097436,-91.9165156,Sioux Lookout (Canada),ON,2009-03-07T23:00:00.000Z,2009,3
49.70434385,-87.766674169786,Bearskin Lake (Canada),ON,2007-10-26T19:00:00.000Z,2007,10
43.0590056,-80.9961844,Thamesford (Canada),ON,2011-03-07T22:00:00.000Z,2011,3
48.7162203,-86.3758953,Marathon,ON,2014-06-14T22:00:00.000Z,2014,6
52.9239892,-82.4283488428012,Attawapiskat (Canada),ON,2012-10-08T21:45:00.000Z,2012,10
52.9239892,-82.4283488428012,Attawapiskat (Canada),ON,2012-10-08T21:45:00.000Z,2012,10
52.9239892,-82.4283488428012,Attawapiskat (Canada),ON,2012-10-08T21:45:00.000Z,2012,10
47.3940148,-79.6870887,Cobalt (Canada),ON,2001-08-14T23:30:00.000Z,2001,8
48.7162203,-86.3758953,Marathon,ON,2014-06-14T22:00:00.000Z,2014,6
47.8209323,-83.3549857,Chapleau (Canada),ON,2009-09-23T22:00:00.000Z,2009,9
50.097436,-91.9165156,Sioux Lookout (Canada),ON,2009-03-07T23:00:00.000Z,2009,3
48.6530506,-93.8267063,Emo (Canada),ON,2005-08-04T23:30:00.000Z,2005,8
49.70434385,-87.766674169786,Bearskin Lake (Canada),ON,2007-10-26T19:00:00.000Z,2007,10
50.097436,-91.9165156,Sioux Lookout (Canada),ON,2009-03-07T23:00:00.000Z,2009,3
50.1785158,-86.713331,Northern Canada,ON,1995-02-06T01:00:00.000Z,1995,2
50.097436,-91.9165156,Sioux Lookout (Canada),ON,2009-03-07T23:00:00.000Z,2009,3
52.9239892,-82.4283488428012,Attawapiskat (Canada),ON,2012-10-08T21:45:00.000Z,2012,10
49.5288403,-84.5630623171128,Angus (Canada),ON,2000-08-21T03:30:00.000Z,2000,8
52.9239892,-82.4283488428012,Attawapiskat (Canada),ON,2012-10-08T21:45:00.000Z,2012,10
46.521871,-84.3195373,Sault Ste. Marie (Canada),ON,2015-08-19T01:45:00.000Z,2015,8
52.9239892,-82.4283488428012,Attawapiskat (Canada),ON,2012-10-08T21:45:00.000Z,2012,10
43.230639,-81.8921894,Port Franks,ON,2015-10-10T22:10:00.000Z,2015,10
49.1994786,-84.7891164,Cedar Point (Canada),ON,1987-06-20T12:15:00.000Z,1987,6
44.383296,-77.9712779160078,Norwood (Canada),ON,2012-09-22T00:40:00.000Z,2012,9
46.4490938,-82.6905028990394,Elliot Lake (Canada),ON,2016-05-23T23:30:00.000Z,2016,5
52.9239892,-82.4283488428012,Attawapiskat (Canada),ON,2012-10-08T21:45:00.000Z,2012,10
52.9239892,-82.4283488428012,Attawapiskat (Canada),ON,2012-10-08T21:45:00.000Z,2012,10
52.9239892,-82.4283488428012,Attawapiskat (Canada),ON,2012-10-08T21:45:00.000Z,2012,10
52.9239892,-82.4283488428012,Attawapiskat (Canada),ON,2012-10-08T21:45:00.000Z,2012,10
52.9239892,-82.4283488428012,Attawapiskat (Canada),ON,2012-10-08T21:45:00.000Z,2012,10
45.8023305,-81.7235977,Wikwemikong (Canada),ON,2008-05-15T15:00:00.000Z,2008,5
52.9239892,-82.4283488428012,Attawapiskat (Canada),ON,2012-10-08T21:45:00.000Z,2012,10
52.9239892,-82.4283488428012,Attawapiskat (Canada),ON,2012-10-08T21:45:00.000Z,2012,10
50.097436,-91.9165156,Sioux Lookout (Canada),ON,2009-03-07T23:00:00.000Z,2009,3
51.266667,-80.6499999,Moosonee (Canada),ON,2007-01-18T17:30:00.000Z,2007,1
44.3494984,-80.2529708,Singhampton (Canada),ON,1991-06-15T23:50:00.000Z,1991,6
52.9239892,-82.4283488428012,Attawapiskat (Canada),ON,2012-10-08T21:45:00.000Z,2012,10
46.5990787,-81.1823224,Sudbury (Canada),ON,2014-08-10T23:15:00.000Z,2014,8
50.097436,-91.9165156,Sioux Lookout (Canada),ON,2009-03-07T23:00:00.000Z,2009,3
50.1785158,-86.713331,Northern Canada,ON,1995-02-06T01:00:00.000Z,1995,2
49.8581032,-92.7973325,Dryden (Canada),ON,2013-02-01T09:30:00.000Z,2013,2
45.6141919,-80.5455261,Bayfield Inlet (Canada),ON,2007-09-16T04:00:00.000Z,2007,9
45.938467,-80.904724,Lefroy (Canada),ON,1998-08-15T20:00:00.000Z,1998,8
50.1785158,-86.713331,Northern Canada,ON,1995-02-06T01:00:00.000Z,1995,2
46.5990787,-81.1823224,Sudbury (Canada),ON,2014-08-10T23:15:00.000Z,2014,8
44.692686,-79.8696737,Penetanguishene (Canada),ON,2013-08-08T22:45:00.000Z,2013,8
45.9080882,-82.2585276,Kagawong (Canada),ON,2013-10-26T19:00:00.000Z,2013,10
51.266667,-80.6499999,Moosonee (Canada),ON,2007-01-18T17:30:00.000Z,2007,1
48.6530506,-93.8267063,Emo (Canada),ON,2005-08-04T23:30:00.000Z,2005,8
43.4949154,-81.4567404,Staffa (Canada),ON,2001-06-14T23:10:00.000Z,2001,6
52.9239892,-82.4283488428012,Attawapiskat (Canada),ON,2012-10-08T21:45:00.000Z,2012,10
52.9239892,-82.4283488428012,Attawapiskat (Canada),ON,2012-10-08T21:45:00.000Z,2012,10
44.7620178,-81.2715157,Red Bay (Canada),ON,2012-08-12T23:00:00.000Z,2012,8
51.266667,-80.6499999,Moosonee (Canada),ON,2007-01-18T17:30:00.000Z,2007,1
48.7738991,-91.6386031,Atikokan (Canada),ON,2010-09-28T22:00:00.000Z,2010,9
52.9239892,-82.4283488428012,Attawapiskat (Canada),ON,2012-10-08T21:45:00.000Z,2012,10
49.8150703,-92.9815933,Oxdrift (Canada),ON,1982-07-01T21:00:00.000Z,1982,7
50.097436,-91.9165156,Sioux Lookout (Canada),ON,2009-03-07T23:00:00.000Z,2009,3
52.9239892,-82.4283488428012,Attawapiskat (Canada),ON,2012-10-08T21:45:00.000Z,2012,10
52.9239892,-82.4283488428012,Attawapiskat (Canada),ON,2012-10-08T21:45:00.000Z,2012,10
43.50984295,-80.5306305,Carlisle (Canada),ON,2010-10-15T22:00:00.000Z,2010,10
52.9239892,-82.4283488428012,Attawapiskat (Canada),ON,2012-10-08T21:45:00.000Z,2012,10
51.266667,-80.6499999,Moosonee (Canada),ON,2007-01-18T17:30:00.000Z,2007,1
50.1785158,-86.713331,Northern Canada,ON,1995-02-06T01:00:00.000Z,1995,2
50.097436,-91.9165156,Sioux Lookout (Canada),ON,2009-03-07T23:00:00.000Z,2009,3
52.9239892,-82.4283488428012,Attawapiskat (Canada),ON,2012-10-08T21:45:00.000Z,2012,10
50.097436,-91.9165156,Sioux Lookout (Canada),ON,2009-03-07T23:00:00.000Z,2009,3
42.0387744,-82.73813,Kingsville (Canada),ON,2013-10-10T21:00:00.000Z,2013,10
47.8209323,-83.3549857,Chapleau (Canada),ON,2009-09-23T22:00:00.000Z,2009,9
49.1055984,-81.0136031,Cochrane (Canada),ON,2012-09-04T22:00:00.000Z,2012,9
49.1055984,-81.0136031,Cochrane (Canada),ON,2012-09-04T22:00:00.000Z,2012,9
51.266667,-80.6499999,Moosonee (Canada),ON,2007-01-18T17:30:00.000Z,2007,1
52.9239892,-82.4283488428012,Attawapiskat (Canada),ON,2012-10-08T21:45:00.000Z,2012,10
47.8209323,-83.3549857,Chapleau (Canada),ON,2009-09-23T22:00:00.000Z,2009,9
52.9239892,-82.4283488428012,Attawapiskat (Canada),ON,2012-10-08T21:45:00.000Z,2012,10
52.9239892,-82.4283488428012,Attawapiskat (Canada),ON,2012-10-08T21:45:00.000Z,2012,10
43.3644043,-80.3125712,Cambridge (Galt) (Canada),ON,1976-11-15T20:00:00.000Z,1976,11
52.9239892,-82.4283488428012,Attawapiskat (Canada),ON,2012-10-08T21:45:00.000Z,2012,10
47.3940148,-79.6870887,Cobalt (Canada),ON,2001-08-14T23:30:00.000Z,2001,8
50.097436,-91.9165156,Sioux Lookout (Canada),ON,2009-03-07T23:00:00.000Z,2009,3
48.4028378,-89.625413,Kakabeka Falls (Canada),ON,2015-01-01T01:00:00.000Z,2015,1
48.7162203,-86.3758953,Marathon,ON,2014-06-14T22:00:00.000Z,2014,6
52.9239892,-82.4283488428012,Attawapiskat (Canada),ON,2012-10-08T21:45:00.000Z,2012,10
50.1785158,-86.713331,Northern Canada,ON,1995-02-06T01:00:00.000Z,1995,2
50.097436,-91.9165156,Sioux Lookout (Canada),ON,2009-03-07T23:00:00.000Z,2009,3
52.9239892,-82.4283488428012,Attawapiskat (Canada),ON,2012-10-08T21:45:00.000Z,2012,10
52.9239892,-82.4283488428012,Attawapiskat (Canada),ON,2012-10-08T21:45:00.000Z,2012,10
50.097436,-91.9165156,Sioux Lookout (Canada),ON,2009-03-07T23:00:00.000Z,2009,3
48.4902991,-81.3342007,Lavigne (Canada),ON,1979-06-15T21:30:00.000Z,1979,6
43.521564,-80.2078517,Bath (Canada),ON,2012-07-01T23:00:00.000Z,2012,7
52.9239892,-82.4283488428012,Attawapiskat (Canada),ON,2012-10-08T21:45:00.000Z,2012,10
52.9239892,-82.4283488428012,Attawapiskat (Canada),ON,2012-10-08T21:45:00.000Z,2012,10
52.9239892,-82.4283488428012,Attawapiskat (Canada),ON,2012-10-08T21:45:00.000Z,2012,10
52.9239892,-82.4283488428012,Attawapiskat (Canada),ON,2012-10-08T21:45:00.000Z,2012,10
50.097436,-91.9165156,Sioux Lookout (Canada),ON,2009-03-07T23:00:00.000Z,2009,3
52.9239892,-82.4283488428012,Attawapiskat (Canada),ON,2012-10-08T21:45:00.000Z,2012,10
52.9239892,-82.4283488428012,Attawapiskat (Canada),ON,2012-10-08T21:45:00.000Z,2012,10
42.0947456,-82.4624555,Wheatley (Canada),ON,2007-01-20T20:00:00.000Z,2007,1
47.8209323,-83.3549857,Chapleau (Canada),ON,2009-09-23T22:00:00.000Z,2009,9
47.8209323,-83.3549857,Chapleau (Canada),ON,2009-09-23T22:00:00.000Z,2009,9
48.7738991,-91.6386031,Atikokan (Canada),ON,2010-09-28T22:00:00.000Z,2010,9
52.9239892,-82.4283488428012,Attawapiskat (Canada),ON,2012-10-08T21:45:00.000Z,2012,10
52.9239892,-82.4283488428012,Attawapiskat (Canada),ON,2012-10-08T21:45:00.000Z,2012,10
52.9239892,-82.4283488428012,Attawapiskat (Canada),ON,2012-10-08T21:45:00.000Z,2012,10
51.266667,-80.6499999,Moosonee (Canada),ON,2007-01-18T17:30:00.000Z,2007,1
52.9239892,-82.4283488428012,Attawapiskat (Canada),ON,2012-10-08T21:45:00.000Z,2012,10
52.9239892,-82.4283488428012,Attawapiskat (Canada),ON,2012-10-08T21:45:00.000Z,2012,10
51.266667,-80.6499999,Moosonee (Canada),ON,2007-01-18T17:30:00.000Z,2007,1
49.789617,-93.6748203,Lake Winnange (Canada),ON,2013-08-13T23:20:00.000Z,2013,8
49.5288403,-84.5630623171128,Angus (Canada),ON,2000-08-21T03:30:00.000Z,2000,8
48.42759375,-89.2994614781394,"Thunderbay, Ontario (Canada)",ON,2003-03-11T03:00:00.000Z,2003,3
52.9239892,-82.4283488428012,Attawapiskat (Canada),ON,2012-10-08T21:45:00.000Z,2012,10
52.9239892,-82.4283488428012,Attawapiskat (Canada),ON,2012-10-08T21:45:00.000Z,2012,10
52.9239892,-82.4283488428012,Attawapiskat (Canada),ON,2012-10-08T21:45:00.000Z,2012,10
48.7162203,-86.3758953,Marathon,ON,2014-06-14T22:00:00.000Z,2014,6
49.70434385,-87.766674169786,Bearskin Lake (Canada),ON,2007-10-26T19:00:00.000Z,2007,10
52.9239892,-82.4283488428012,Attawapiskat (Canada),ON,2012-10-08T21:45:00.000Z,2012,10
46.1770206,-77.6945747,Rolphton (Canada),ON,1997-06-01T19:30:00.000Z,1997,6
50.1785158,-86.713331,Northern Canada,ON,1995-02-06T01:00:00.000Z,1995,2
45.4380475,-76.3594014,Arnprior (Canada),ON,2016-06-17T21:00:00.000Z,2016,6
48.4760636,-81.3283354,Timmins (Canada),ON,2013-09-21T22:30:00.000Z,2013,9
50.097436,-91.9165156,Sioux Lookout (Canada),ON,2009-03-07T23:00:00.000Z,2009,3
52.9239892,-82.4283488428012,Attawapiskat (Canada),ON,2012-10-08T21:45:00.000Z,2012,10
52.9239892,-82.4283488428012,Attawapiskat (Canada),ON,2012-10-08T21:45:00.000Z,2012,10
52.9239892,-82.4283488428012,Attawapiskat (Canada),ON,2012-10-08T21:45:00.000Z,2012,10
46.0266765,-79.7193879,Restoule (Canada),ON,1999-09-07T23:08:00.000Z,1999,9
46.1770206,-77.6945747,Rolphton (Canada),ON,1997-06-01T19:30:00.000Z,1997,6
52.9239892,-82.4283488428012,Attawapiskat (Canada),ON,2012-10-08T21:45:00.000Z,2012,10
48.7162203,-86.3758953,Marathon,ON,2014-06-14T22:00:00.000Z,2014,6
46.4490938,-82.6905028990394,Elliot Lake (Canada),ON,2016-05-23T23:30:00.000Z,2016,5
52.9239892,-82.4283488428012,Attawapiskat (Canada),ON,2012-10-08T21:45:00.000Z,2012,10
43.9877279,-77.1383746520964,Picton (Canada),ON,2009-01-26T20:30:00.000Z,2009,1
52.9239892,-82.4283488428012,Attawapiskat (Canada),ON,2012-10-08T21:45:00.000Z,2012,10
50.1785158,-86.713331,Northern Canada,ON,1995-02-06T01:00:00.000Z,1995,2
47.3940148,-79.6870887,Cobalt (Canada),ON,2001-08-14T23:30:00.000Z,2001,8
50.097436,-91.9165156,Sioux Lookout (Canada),ON,2009-03-07T23:00:00.000Z,2009,3
52.9239892,-82.4283488428012,Attawapiskat (Canada),ON,2012-10-08T21:45:00.000Z,2012,10
51.266667,-80.6499999,Moosonee (Canada),ON,2007-01-18T17:30:00.000Z,2007,1
48.6530506,-93.8267063,Emo (Canada),ON,2005-08-04T23:30:00.000Z,2005,8
52.9239892,-82.4283488428012,Attawapiskat (Canada),ON,2012-10-08T21:45:00.000Z,2012,10
52.9239892,-82.4283488428012,Attawapiskat (Canada),ON,2012-10-08T21:45:00.000Z,2012,10
46.5990787,-81.1823224,Sudbury (Canada),ON,2014-08-10T23:15:00.000Z,2014,8
45.8023305,-81.7235977,Wikwemikong (Canada),ON,2008-05-15T15:00:00.000Z,2008,5
42.9981744,-82.3088203871648,Sarnia (Canada),ON,2016-08-27T22:15:00.000Z,2016,8
47.8209323,-83.3549857,Chapleau (Canada),ON,2009-09-23T22:00:00.000Z,2009,9
52.9239892,-82.4283488428012,Attawapiskat (Canada),ON,2012-10-08T21:45:00.000Z,2012,10
49.70434385,-87.766674169786,Bearskin Lake (Canada),ON,2007-10-26T19:00:00.000Z,2007,10
50.097436,-91.9165156,Sioux Lookout (Canada),ON,2009-03-07T23:00:00.000Z,2009,3
47.8209323,-83.3549857,Chapleau (Canada),ON,2009-09-23T22:00:00.000Z,2009,9
51.266667,-80.6499999,Moosonee (Canada),ON,2007-01-18T17:30:00.000Z,2007,1
52.9239892,-82.4283488428012,Attawapiskat (Canada),ON,2012-10-08T21:45:00.000Z,2012,10
52.9239892,-82.4283488428012,Attawapiskat (Canada),ON,2012-10-08T21:45:00.000Z,2012,10
52.9239892,-82.4283488428012,Attawapiskat (Canada),ON,2012-10-08T21:45:00.000Z,2012,10
52.9239892,-82.4283488428012,Attawapiskat (Canada),ON,2012-10-08T21:45:00.000Z,2012,10
51.266667,-80.6499999,Moosonee (Canada),ON,2007-01-18T17:30:00.000Z,2007,1
52.9239892,-82.4283488428012,Attawapiskat (Canada),ON,2012-10-08T21:45:00.000Z,2012,10
52.9239892,-82.4283488428012,Attawapiskat (Canada),ON,2012-10-08T21:45:00.000Z,2012,10
49.1994786,-84.7891164,Cedar Point (Canada),ON,1987-06-20T12:15:00.000Z,1987,6
52.9239892,-82.4283488428012,Attawapiskat (Canada),ON,2012-10-08T21:45:00.000Z,2012,10
51.266667,-80.6499999,Moosonee (Canada),ON,2007-01-18T17:30:00.000Z,2007,1
49.2185794,-84.7741569,Hornepayne (Canada),ON,2012-09-11T21:45:00.000Z,2012,9
45.2479889,-78.8928776,Algonquin Highlands (Canada),ON,2014-08-05T22:00:00.000Z,2014,8
52.9239892,-82.4283488428012,Attawapiskat (Canada),ON,2012-10-08T21:45:00.000Z,2012,10
52.9239892,-82.4283488428012,Attawapiskat (Canada),ON,2012-10-08T21:45:00.000Z,2012,10
48.4760636,-81.3283354,Timmins (Canada),ON,2013-09-21T22:30:00.000Z,2013,9
50.1785158,-86.713331,Northern Canada,ON,1995-02-06T01:00:00.000Z,1995,2
46.6667476,-80.7497966,Skead (Canada),ON,2015-06-01T01:00:00.000Z,2015,6
52.9239892,-82.4283488428012,Attawapiskat (Canada),ON,2012-10-08T21:45:00.000Z,2012,10
52.9239892,-82.4283488428012,Attawapiskat (Canada),ON,2012-10-08T21:45:00.000Z,2012,10
52.9239892,-82.4283488428012,Attawapiskat (Canada),ON,2012-10-08T21:45:00.000Z,2012,10
47.8209323,-83.3549857,Chapleau (Canada),ON,2009-09-23T22:00:00.000Z,2009,9
50.1785158,-86.713331,Northern Canada,ON,1995-02-06T01:00:00.000Z,1995,2
52.9239892,-82.4283488428012,Attawapiskat (Canada),ON,2012-10-08T21:45:00.000Z,2012,10
49.8150703,-92.9815933,Oxdrift (Canada),ON,1982-07-01T21:00:00.000Z,1982,7
48.7637291,-80.6686591,Iroquois Falls (Canada),ON,2014-08-09T21:45:00.000Z,2014,8
48.6115924,-93.4091926346668,Fort Frances (Canada),ON,2014-08-08T21:00:00.000Z,2014,8
50.097436,-91.9165156,Sioux Lookout (Canada),ON,2009-03-07T23:00:00.000Z,2009,3
52.9239892,-82.4283488428012,Attawapiskat (Canada),ON,2012-10-08T21:45:00.000Z,2012,10
50.097436,-91.9165156,Sioux Lookout (Canada),ON,2009-03-07T23:00:00.000Z,2009,3
52.9239892,-82.4283488428012,Attawapiskat (Canada),ON,2012-10-08T21:45:00.000Z,2012,10
52.9239892,-82.4283488428012,Attawapiskat (Canada),ON,2012-10-08T21:45:00.000Z,2012,10
49.789617,-93.6748203,Lake Winnange (Canada),ON,2013-08-13T23:20:00.000Z,2013,8
52.9239892,-82.4283488428012,Attawapiskat (Canada),ON,2012-10-08T21:45:00.000Z,2012,10
50.097436,-91.9165156,Sioux Lookout (Canada),ON,2009-03-07T23:00:00.000Z,2009,3
47.3940148,-79.6870887,Cobalt (Canada),ON,2001-08-14T23:30:00.000Z,2001,8
52.9239892,-82.4283488428012,Attawapiskat (Canada),ON,2012-10-08T21:45:00.000Z,2012,10
49.70434385,-87.766674169786,Bearskin Lake (Canada),ON,2007-10-26T19:00:00.000Z,2007,10
52.9239892,-82.4283488428012,Attawapiskat (Canada),ON,2012-10-08T21:45:00.000Z,2012,10
49.70434385,-87.766674169786,Bearskin Lake (Canada),ON,2007-10-26T19:00:00.000Z,2007,10
49.5288403,-84.5630623171128,Angus (Canada),ON,2000-08-21T03:30:00.000Z,2000,8
48.4760636,-81.3283354,Timmins (Canada),ON,2013-09-21T22:30:00.000Z,2013,9
52.9239892,-82.4283488428012,Attawapiskat (Canada),ON,2012-10-08T21:45:00.000Z,2012,10
50.097436,-91.9165156,Sioux Lookout (Canada),ON,2009-03-07T23:00:00.000Z,2009,3
43.9576293,-78.9624025,Brooklin (Canada),ON,2008-07-05T01:20:00.000Z,2008,7
51.266667,-80.6499999,Moosonee (Canada),ON,2007-01-18T17:30:00.000Z,2007,1
52.9239892,-82.4283488428012,Attawapiskat (Canada),ON,2012-10-08T21:45:00.000Z,2012,10
52.9239892,-82.4283488428012,Attawapiskat (Canada),ON,2012-10-08T21:45:00.000Z,2012,10
52.9239892,-82.4283488428012,Attawapiskat (Canada),ON,2012-10-08T21:45:00.000Z,2012,10
44.8413939,-79.4473982,Lion's Head (Canada),ON,2005-06-23T23:00:00.000Z,2005,6
52.9239892,-82.4283488428012,Attawapiskat (Canada),ON,2012-10-08T21:45:00.000Z,2012,10
52.9239892,-82.4283488428012,Attawapiskat (Canada),ON,2012-10-08T21:45:00.000Z,2012,10
50.097436,-91.9165156,Sioux Lookout (Canada),ON,2009-03-07T23:00:00.000Z,2009,3
48.4028378,-89.625413,Kakabeka Falls (Canada),ON,2015-01-01T01:00:00.000Z,2015,1
52.9239892,-82.4283488428012,Attawapiskat (Canada),ON,2012-10-08T21:45:00.000Z,2012,10
52.9239892,-82.4283488428012,Attawapiskat (Canada),ON,2012-10-08T21:45:00.000Z,2012,10
44.3494984,-80.2529708,Singhampton (Canada),ON,1991-06-15T23:50:00.000Z,1991,6
52.9239892,-82.4283488428012,Attawapiskat (Canada),ON,2012-10-08T21:45:00.000Z,2012,10
47.8209323,-83.3549857,Chapleau (Canada),ON,2009-09-23T22:00:00.000Z,2009,9
52.9239892,-82.4283488428012,Attawapiskat (Canada),ON,2012-10-08T21:45:00.000Z,2012,10
52.9239892,-82.4283488428012,Attawapiskat (Canada),ON,2012-10-08T21:45:00.000Z,2012,10
52.9239892,-82.4283488428012,Attawapiskat (Canada),ON,2012-10-08T21:45:00.000Z,2012,10
50.097436,-91.9165156,Sioux Lookout (Canada),ON,2009-03-07T23:00:00.000Z,2009,3
44.7620178,-81.2715157,Red Bay (Canada),ON,2012-08-12T23:00:00.000Z,2012,8
52.9239892,-82.4283488428012,Attawapiskat (Canada),ON,2012-10-08T21:45:00.000Z,2012,10
52.9239892,-82.4283488428012,Attawapiskat (Canada),ON,2012-10-08T21:45:00.000Z,2012,10
52.9239892,-82.4283488428012,Attawapiskat (Canada),ON,2012-10-08T21:45:00.000Z,2012,10
50.097436,-91.9165156,Sioux Lookout (Canada),ON,2009-03-07T23:00:00.000Z,2009,3
47.3940148,-79.6870887,Cobalt (Canada),ON,2001-08-14T23:30:00.000Z,2001,8
50.1785158,-86.713331,Northern Canada,ON,1995-02-06T01:00:00.000Z,1995,2
43.76012025,-77.683160251767,Ontario (Canada),ON,1982-08-14T22:00:00.000Z,1982,8
44.7185477,-76.9229581,Arden (Canada),ON,2013-08-31T22:00:00.000Z,2013,8
52.9239892,-82.4283488428012,Attawapiskat (Canada),ON,2012-10-08T21:45:00.000Z,2012,10
46.521871,-84.3195373,Sault Ste. Marie (Canada),ON,2015-08-19T01:45:00.000Z,2015,8
49.1055984,-81.0136031,Cochrane (Canada),ON,2012-09-04T22:00:00.000Z,2012,9
44.6668875,-79.4790482,Warminster (Canada),ON,2013-06-08T22:45:00.000Z,2013,6
52.9239892,-82.4283488428012,Attawapiskat (Canada),ON,2012-10-08T21:45:00.000Z,2012,10
52.9239892,-82.4283488428012,Attawapiskat (Canada),ON,2012-10-08T21:45:00.000Z,2012,10
48.4028378,-89.625413,Kakabeka Falls (Canada),ON,2015-01-01T01:00:00.000Z,2015,1
52.9239892,-82.4283488428012,Attawapiskat (Canada),ON,2012-10-08T21:45:00.000Z,2012,10
52.9239892,-82.4283488428012,Attawapiskat (Canada),ON,2012-10-08T21:45:00.000Z,2012,10
49.778224,-86.5396059,Longlac (Canada),ON,2007-06-17T01:00:00.000Z,2007,6
49.8581032,-92.7973325,Dryden (Canada),ON,2013-02-01T09:30:00.000Z,2013,2
50.097436,-91.9165156,Sioux Lookout (Canada),ON,2009-03-07T23:00:00.000Z,2009,3
48.4028378,-89.625413,Kakabeka Falls (Canada),ON,2015-01-01T01:00:00.000Z,2015,1
46.6667476,-80.7497966,Skead (Canada),ON,2015-06-01T01:00:00.000Z,2015,6
49.8150703,-92.9815933,Oxdrift (Canada),ON,1982-07-01T21:00:00.000Z,1982,7
44.1033103,-77.5758928,Trenton (Canada),ON,2013-08-01T22:00:00.000Z,2013,8
44.4363439,-81.3866142,Saugeen Shores (Canada),ON,2011-09-03T21:30:00.000Z,2011,9
51.266667,-80.6499999,Moosonee (Canada),ON,2007-01-18T17:30:00.000Z,2007,1
49.5288403,-84.5630623171128,Angus (Canada),ON,2000-08-21T03:30:00.000Z,2000,8
45.0252193,-75.6544406,Kemptville (Canada),ON,2015-12-24T18:00:00.000Z,2015,12
49.73970175,-95.1363316145362,Ontario Province (Canada),ON,2008-07-24T00:00:00.000Z,2008,7
47.8209323,-83.3549857,Chapleau (Canada),ON,2009-09-23T22:00:00.000Z,2009,9
50.097436,-91.9165156,Sioux Lookout (Canada),ON,2009-03-07T23:00:00.000Z,2009,3
48.7738991,-91.6386031,Atikokan (Canada),ON,2010-09-28T22:00:00.000Z,2010,9
52.9239892,-82.4283488428012,Attawapiskat (Canada),ON,2012-10-08T21:45:00.000Z,2012,10
52.9239892,-82.4283488428012,Attawapiskat (Canada),ON,2012-10-08T21:45:00.000Z,2012,10
50.097436,-91.9165156,Sioux Lookout (Canada),ON,2009-03-07T23:00:00.000Z,2009,3
50.097436,-91.9165156,Sioux Lookout (Canada),ON,2009-03-07T23:00:00.000Z,2009,3
52.9239892,-82.4283488428012,Attawapiskat (Canada),ON,2012-10-08T21:45:00.000Z,2012,10
46.9599336,-84.6871352,Pancake Bay (Canada),ON,2008-10-15T03:00:00.000Z,2008,10
49.70434385,-87.766674169786,Bearskin Lake (Canada),ON,2007-10-26T19:00:00.000Z,2007,10
51.266667,-80.6499999,Moosonee (Canada),ON,2007-01-18T17:30:00.000Z,2007,1
52.9239892,-82.4283488428012,Attawapiskat (Canada),ON,2012-10-08T21:45:00.000Z,2012,10
46.5575661,-84.3525956,Lethbridge (Canada),ON,1997-08-20T23:00:00.000Z,1997,8
46.1770206,-77.6945747,Rolphton (Canada),ON,1997-06-01T19:30:00.000Z,1997,6
44.3494984,-80.2529708,Singhampton (Canada),ON,1991-06-15T23:50:00.000Z,1991,6
49.1055984,-81.0136031,Cochrane (Canada),ON,2012-09-04T22:00:00.000Z,2012,9
48.4028378,-89.625413,Kakabeka Falls (Canada),ON,2015-01-01T01:00:00.000Z,2015,1
52.9239892,-82.4283488428012,Attawapiskat (Canada),ON,2012-10-08T21:45:00.000Z,2012,10
52.9239892,-82.4283488428012,Attawapiskat (Canada),ON,2012-10-08T21:45:00.000Z,2012,10
44.1833,-79.8370971,Alliston (Canada),ON,2014-08-27T20:45:00.000Z,2014,8
50.1785158,-86.713331,Northern Canada,ON,1995-02-06T01:00:00.000Z,1995,2
52.9239892,-82.4283488428012,Attawapiskat (Canada),ON,2012-10-08T21:45:00.000Z,2012,10
43.1314966,-80.74716509999999,Woodstock (Canada),ON,2016-10-28T06:00:00.000Z,2016,10
52.9239892,-82.4283488428012,Attawapiskat (Canada),ON,2012-10-08T21:45:00.000Z,2012,10
50.1785158,-86.713331,Northern Canada,ON,1995-02-06T01:00:00.000Z,1995,2
48.7738991,-91.6386031,Atikokan (Canada),ON,2010-09-28T22:00:00.000Z,2010,9
44.54948445,-78.2614398166359,Kawartha Lakes (Canada),ON,2016-01-16T03:00:00.000Z,2016,1
51.266667,-80.6499999,Moosonee (Canada),ON,2007-01-18T17:30:00.000Z,2007,1
49.5288403,-84.5630623171128,Angus (Canada),ON,2000-08-21T03:30:00.000Z,2000,8
52.9239892,-82.4283488428012,Attawapiskat (Canada),ON,2012-10-08T21:45:00.000Z,2012,10
52.9239892,-82.4283488428012,Attawapiskat (Canada),ON,2012-10-08T21:45:00.000Z,2012,10
52.9239892,-82.4283488428012,Attawapiskat (Canada),ON,2012-10-08T21:45:00.000Z,2012,10
49.5288403,-84.5630623171128,Angus (Canada),ON,2000-08-21T03:30:00.000Z,2000,8
46.1770206,-77.6945747,Rolphton (Canada),ON,1997-06-01T19:30:00.000Z,1997,6
47.8209323,-83.3549857,Chapleau (Canada),ON,2009-09-23T22:00:00.000Z,2009,9
49.73970175,-95.1363316145362,Ontario Province (Canada),ON,2008-07-24T00:00:00.000Z,2008,7
52.9239892,-82.4283488428012,Attawapiskat (Canada),ON,2012-10-08T21:45:00.000Z,2012,10
51.266667,-80.6499999,Moosonee (Canada),ON,2007-01-18T17:30:00.000Z,2007,1
52.9239892,-82.4283488428012,Attawapiskat (Canada),ON,2012-10-08T21:45:00.000Z,2012,10
46.4490938,-82.6905028990394,Elliot Lake (Canada),ON,2016-05-23T23:30:00.000Z,2016,5
49.8150703,-92.9815933,Oxdrift (Canada),ON,1982-07-01T21:00:00.000Z,1982,7
52.9239892,-82.4283488428012,Attawapiskat (Canada),ON,2012-10-08T21:45:00.000Z,2012,10
51.266667,-80.6499999,Moosonee (Canada),ON,2007-01-18T17:30:00.000Z,2007,1
48.4028378,-89.625413,Kakabeka Falls (Canada),ON,2015-01-01T01:00:00.000Z,2015,1
50.1785158,-86.713331,Northern Canada,ON,1995-02-06T01:00:00.000Z,1995,2
52.9239892,-82.4283488428012,Attawapiskat (Canada),ON,2012-10-08T21:45:00.000Z,2012,10
47.3940148,-79.6870887,Cobalt (Canada),ON,2001-08-14T23:30:00.000Z,2001,8
49.5288403,-84.5630623171128,Angus (Canada),ON,2000-08-21T03:30:00.000Z,2000,8
52.9239892,-82.4283488428012,Attawapiskat (Canada),ON,2012-10-08T21:45:00.000Z,2012,10
51.266667,-80.6499999,Moosonee (Canada),ON,2007-01-18T17:30:00.000Z,2007,1
50.097436,-91.9165156,Sioux Lookout (Canada),ON,2009-03-07T23:00:00.000Z,2009,3
52.9239892,-82.4283488428012,Attawapiskat (Canada),ON,2012-10-08T21:45:00.000Z,2012,10
52.9239892,-82.4283488428012,Attawapiskat (Canada),ON,2012-10-08T21:45:00.000Z,2012,10
50.1785158,-86.713331,Northern Canada,ON,1995-02-06T01:00:00.000Z,1995,2
49.51988855,-84.568322602413,Eagle (Canada),ON,2007-10-08T21:00:00.000Z,2007,10
47.8209323,-83.3549857,Chapleau (Canada),ON,2009-09-23T22:00:00.000Z,2009,9
46.5990787,-81.1823224,Sudbury (Canada),ON,2014-08-10T23:15:00.000Z,2014,8
48.7637291,-80.6686591,Iroquois Falls (Canada),ON,2014-08-09T21:45:00.000Z,2014,8
52.9239892,-82.4283488428012,Attawapiskat (Canada),ON,2012-10-08T21:45:00.000Z,2012,10
48.4760636,-81.3283354,Timmins (Canada),ON,2013-09-21T22:30:00.000Z,2013,9
52.9239892,-82.4283488428012,Attawapiskat (Canada),ON,2012-10-08T21:45:00.000Z,2012,10
52.9239892,-82.4283488428012,Attawapiskat (Canada),ON,2012-10-08T21:45:00.000Z,2012,10
44.692686,-79.8696737,Penetanguishene (Canada),ON,2013-08-08T22:45:00.000Z,2013,8
52.9239892,-82.4283488428012,Attawapiskat (Canada),ON,2012-10-08T21:45:00.000Z,2012,10
52.9239892,-82.4283488428012,Attawapiskat (Canada),ON,2012-10-08T21:45:00.000Z,2012,10
51.266667,-80.6499999,Moosonee (Canada),ON,2007-01-18T17:30:00.000Z,2007,1
49.5288403,-84.5630623171128,Angus (Canada),ON,2000-08-21T03:30:00.000Z,2000,8
51.266667,-80.6499999,Moosonee (Canada),ON,2007-01-18T17:30:00.000Z,2007,1
50.097436,-91.9165156,Sioux Lookout (Canada),ON,2009-03-07T23:00:00.000Z,2009,3
48.7162203,-86.3758953,Marathon,ON,2014-06-14T22:00:00.000Z,2014,6
52.9239892,-82.4283488428012,Attawapiskat (Canada),ON,2012-10-08T21:45:00.000Z,2012,10
52.9239892,-82.4283488428012,Attawapiskat (Canada),ON,2012-10-08T21:45:00.000Z,2012,10
46.1770206,-77.6945747,Rolphton (Canada),ON,1997-06-01T19:30:00.000Z,1997,6
52.9239892,-82.4283488428012,Attawapiskat (Canada),ON,2012-10-08T21:45:00.000Z,2012,10
52.9239892,-82.4283488428012,Attawapiskat (Canada),ON,2012-10-08T21:45:00.000Z,2012,10
51.266667,-80.6499999,Moosonee (Canada),ON,2007-01-18T17:30:00.000Z,2007,1
50.097436,-91.9165156,Sioux Lookout (Canada),ON,2009-03-07T23:00:00.000Z,2009,3
52.9239892,-82.4283488428012,Attawapiskat (Canada),ON,2012-10-08T21:45:00.000Z,2012,10
52.9239892,-82.4283488428012,Attawapiskat (Canada),ON,2012-10-08T21:45:00.000Z,2012,10
49.8581032,-92.7973325,Dryden (Canada),ON,2013-02-01T09:30:00.000Z,2013,2
52.9239892,-82.4283488428012,Attawapiskat (Canada),ON,2012-10-08T21:45:00.000Z,2012,10
47.8209323,-83.3549857,Chapleau (Canada),ON,2009-09-23T22:00:00.000Z,2009,9
52.9239892,-82.4283488428012,Attawapiskat (Canada),ON,2012-10-08T21:45:00.000Z,2012,10
52.9239892,-82.4283488428012,Attawapiskat (Canada),ON,2012-10-08T21:45:00.000Z,2012,10
49.5288403,-84.5630623171128,Angus (Canada),ON,2000-08-21T03:30:00.000Z,2000,8
50.097436,-91.9165156,Sioux Lookout (Canada),ON,2009-03-07T23:00:00.000Z,2009,3
49.70434385,-87.766674169786,Bearskin Lake (Canada),ON,2007-10-26T19:00:00.000Z,2007,10
52.9239892,-82.4283488428012,Attawapiskat (Canada),ON,2012-10-08T21:45:00.000Z,2012,10
52.9239892,-82.4283488428012,Attawapiskat (Canada),ON,2012-10-08T21:45:00.000Z,2012,10
52.9239892,-82.4283488428012,Attawapiskat (Canada),ON,2012-10-08T21:45:00.000Z,2012,10
52.9239892,-82.4283488428012,Attawapiskat (Canada),ON,2012-10-08T21:45:00.000Z,2012,10
51.266667,-80.6499999,Moosonee (Canada),ON,2007-01-18T17:30:00.000Z,2007,1
50.1785158,-86.713331,Northern Canada,ON,1995-02-06T01:00:00.000Z,1995,2
52.9239892,-82.4283488428012,Attawapiskat (Canada),ON,2012-10-08T21:45:00.000Z,2012,10
48.4760636,-81.3283354,Timmins (Canada),ON,2013-09-21T22:30:00.000Z,2013,9
45.0380407,-78.5512262,Haliburton (Canada),ON,2010-07-04T22:50:00.000Z,2010,7
52.9239892,-82.4283488428012,Attawapiskat (Canada),ON,2012-10-08T21:45:00.000Z,2012,10
49.789617,-93.6748203,Lake Winnange (Canada),ON,2013-08-13T23:20:00.000Z,2013,8
52.9239892,-82.4283488428012,Attawapiskat (Canada),ON,2012-10-08T21:45:00.000Z,2012,10
46.1770206,-77.6945747,Rolphton (Canada),ON,1997-06-01T19:30:00.000Z,1997,6
52.9239892,-82.4283488428012,Attawapiskat (Canada),ON,2012-10-08T21:45:00.000Z,2012,10
50.097436,-91.9165156,Sioux Lookout (Canada),ON,2009-03-07T23:00:00.000Z,2009,3
52.9239892,-82.4283488428012,Attawapiskat (Canada),ON,2012-10-08T21:45:00.000Z,2012,10
49.2185794,-84.7741569,Hornepayne (Canada),ON,2012-09-11T21:45:00.000Z,2012,9
47.8209323,-83.3549857,Chapleau (Canada),ON,2009-09-23T22:00:00.000Z,2009,9
50.097436,-91.9165156,Sioux Lookout (Canada),ON,2009-03-07T23:00:00.000Z,2009,3
52.9239892,-82.4283488428012,Attawapiskat (Canada),ON,2012-10-08T21:45:00.000Z,2012,10
52.9239892,-82.4283488428012,Attawapiskat (Canada),ON,2012-10-08T21:45:00.000Z,2012,10
52.9239892,-82.4283488428012,Attawapiskat (Canada),ON,2012-10-08T21:45:00.000Z,2012,10
48.7162203,-86.3758953,Marathon,ON,2014-06-14T22:00:00.000Z,2014,6
50.097436,-91.9165156,Sioux Lookout (Canada),ON,2009-03-07T23:00:00.000Z,2009,3
52.9239892,-82.4283488428012,Attawapiskat (Canada),ON,2012-10-08T21:45:00.000Z,2012,10
50.097436,-91.9165156,Sioux Lookout (Canada),ON,2009-03-07T23:00:00.000Z,2009,3
50.097436,-91.9165156,Sioux Lookout (Canada),ON,2009-03-07T23:00:00.000Z,2009,3
50.097436,-91.9165156,Sioux Lookout (Canada),ON,2009-03-07T23:00:00.000Z,2009,3
50.1785158,-86.713331,Northern Canada,ON,1995-02-06T01:00:00.000Z,1995,2
46.521871,-84.3195373,Sault Ste. Marie (Canada),ON,2015-08-19T01:45:00.000Z,2015,8
50.097436,-91.9165156,Sioux Lookout (Canada),ON,2009-03-07T23:00:00.000Z,2009,3
48.7738991,-91.6386031,Atikokan (Canada),ON,2010-09-28T22:00:00.000Z,2010,9
50.1785158,-86.713331,Northern Canada,ON,1995-02-06T01:00:00.000Z,1995,2
51.266667,-80.6499999,Moosonee (Canada),ON,2007-01-18T17:30:00.000Z,2007,1
52.9239892,-82.4283488428012,Attawapiskat (Canada),ON,2012-10-08T21:45:00.000Z,2012,10
49.789617,-93.6748203,Lake Winnange (Canada),ON,2013-08-13T23:20:00.000Z,2013,8
46.4490938,-82.6905028990394,Elliot Lake (Canada),ON,2016-05-23T23:30:00.000Z,2016,5
45.0252193,-75.6544406,Kemptville (Canada),ON,2015-12-24T18:00:00.000Z,2015,12
50.097436,-91.9165156,Sioux Lookout (Canada),ON,2009-03-07T23:00:00.000Z,2009,3
48.7162203,-86.3758953,Marathon,ON,2014-06-14T22:00:00.000Z,2014,6
52.9239892,-82.4283488428012,Attawapiskat (Canada),ON,2012-10-08T21:45:00.000Z,2012,10
47.8209323,-83.3549857,Chapleau (Canada),ON,2009-09-23T22:00:00.000Z,2009,9
51.266667,-80.6499999,Moosonee (Canada),ON,2007-01-18T17:30:00.000Z,2007,1
46.1770206,-77.6945747,Rolphton (Canada),ON,1997-06-01T19:30:00.000Z,1997,6
51.266667,-80.6499999,Moosonee (Canada),ON,2007-01-18T17:30:00.000Z,2007,1
44.3567963,-79.9785196,Creemore (Canada),ON,2007-06-10T18:45:00.000Z,2007,6
49.1055984,-81.0136031,Cochrane (Canada),ON,2012-09-04T22:00:00.000Z,2012,9
51.266667,-80.6499999,Moosonee (Canada),ON,2007-01-18T17:30:00.000Z,2007,1
52.9239892,-82.4283488428012,Attawapiskat (Canada),ON,2012-10-08T21:45:00.000Z,2012,10
49.2185794,-84.7741569,Hornepayne (Canada),ON,2012-09-11T21:45:00.000Z,2012,9
52.9239892,-82.4283488428012,Attawapiskat (Canada),ON,2012-10-08T21:45:00.000Z,2012,10
51.266667,-80.6499999,Moosonee (Canada),ON,2007-01-18T17:30:00.000Z,2007,1
52.9239892,-82.4283488428012,Attawapiskat (Canada),ON,2012-10-08T21:45:00.000Z,2012,10
51.266667,-80.6499999,Moosonee (Canada),ON,2007-01-18T17:30:00.000Z,2007,1
50.097436,-91.9165156,Sioux Lookout (Canada),ON,2009-03-07T23:00:00.000Z,2009,3
50.097436,-91.9165156,Sioux Lookout (Canada),ON,2009-03-07T23:00:00.000Z,2009,3
52.9239892,-82.4283488428012,Attawapiskat (Canada),ON,2012-10-08T21:45:00.000Z,2012,10
51.266667,-80.6499999,Moosonee (Canada),ON,2007-01-18T17:30:00.000Z,2007,1
49.5288403,-84.5630623171128,Angus (Canada),ON,2000-08-21T03:30:00.000Z,2000,8
46.1770206,-77.6945747,Rolphton (Canada),ON,1997-06-01T19:30:00.000Z,1997,6
50.1785158,-86.713331,Northern Canada,ON,1995-02-06T01:00:00.000Z,1995,2
50.1785158,-86.713331,Northern Canada,ON,1995-02-06T01:00:00.000Z,1995,2
52.9239892,-82.4283488428012,Attawapiskat (Canada),ON,2012-10-08T21:45:00.000Z,2012,10
52.9239892,-82.4283488428012,Attawapiskat (Canada),ON,2012-10-08T21:45:00.000Z,2012,10
46.4490938,-82.6905028990394,Elliot Lake (Canada),ON,2016-05-23T23:30:00.000Z,2016,5
52.9239892,-82.4283488428012,Attawapiskat (Canada),ON,2012-10-08T21:45:00.000Z,2012,10
43.842268,-79.6306507,Kleinburg (Canada),ON,2009-06-06T04:10:00.000Z,2009,6
50.097436,-91.9165156,Sioux Lookout (Canada),ON,2009-03-07T23:00:00.000Z,2009,3
50.097436,-91.9165156,Sioux Lookout (Canada),ON,2009-03-07T23:00:00.000Z,2009,3
52.9239892,-82.4283488428012,Attawapiskat (Canada),ON,2012-10-08T21:45:00.000Z,2012,10
47.3940148,-79.6870887,Cobalt (Canada),ON,2001-08-14T23:30:00.000Z,2001,8
52.9239892,-82.4283488428012,Attawapiskat (Canada),ON,2012-10-08T21:45:00.000Z,2012,10
52.9239892,-82.4283488428012,Attawapiskat (Canada),ON,2012-10-08T21:45:00.000Z,2012,10
52.9239892,-82.4283488428012,Attawapiskat (Canada),ON,2012-10-08T21:45:00.000Z,2012,10
44.8099997,-76.4121203,Douglas (Canada),ON,1977-07-15T23:30:00.000Z,1977,7
45.7563115,-82.2146049237431,Manitoulin Island (Canada),ON,2011-10-22T03:30:00.000Z,2011,10
52.9239892,-82.4283488428012,Attawapiskat (Canada),ON,2012-10-08T21:45:00.000Z,2012,10
49.1055984,-81.0136031,Cochrane (Canada),ON,2012-09-04T22:00:00.000Z,2012,9
52.9239892,-82.4283488428012,Attawapiskat (Canada),ON,2012-10-08T21:45:00.000Z,2012,10
46.0266765,-79.7193879,Restoule (Canada),ON,1999-09-07T23:08:00.000Z,1999,9
42.0947456,-82.4624555,Wheatley (Canada),ON,2007-01-20T20:00:00.000Z,2007,1
52.9239892,-82.4283488428012,Attawapiskat (Canada),ON,2012-10-08T21:45:00.000Z,2012,10
52.9239892,-82.4283488428012,Attawapiskat (Canada),ON,2012-10-08T21:45:00.000Z,2012,10
45.1099781,-77.0980664,Matawatchan (Canada),ON,2010-08-31T19:20:00.000Z,2010,8
48.7637291,-80.6686591,Iroquois Falls (Canada),ON,2014-08-09T21:45:00.000Z,2014,8
47.8209323,-83.3549857,Chapleau (Canada),ON,2009-09-23T22:00:00.000Z,2009,9
52.9239892,-82.4283488428012,Attawapiskat (Canada),ON,2012-10-08T21:45:00.000Z,2012,10
50.1785158,-86.713331,Northern Canada,ON,1995-02-06T01:00:00.000Z,1995,2
47.8209323,-83.3549857,Chapleau (Canada),ON,2009-09-23T22:00:00.000Z,2009,9
52.9239892,-82.4283488428012,Attawapiskat (Canada),ON,2012-10-08T21:45:00.000Z,2012,10
51.266667,-80.6499999,Moosonee (Canada),ON,2007-01-18T17:30:00.000Z,2007,1
49.789617,-93.6748203,Lake Winnange (Canada),ON,2013-08-13T23:20:00.000Z,2013,8
45.7563115,-82.2146049237431,Manitoulin Island (Canada),ON,2011-10-22T03:30:00.000Z,2011,10
50.097436,-91.9165156,Sioux Lookout (Canada),ON,2009-03-07T23:00:00.000Z,2009,3
45.4782806,-75.5592525,Ottawa (Orleans) (Canada),ON,1990-09-30T18:00:00.000Z,1990,9
52.9239892,-82.4283488428012,Attawapiskat (Canada),ON,2012-10-08T21:45:00.000Z,2012,10
50.097436,-91.9165156,Sioux Lookout (Canada),ON,2009-03-07T23:00:00.000Z,2009,3
52.9239892,-82.4283488428012,Attawapiskat (Canada),ON,2012-10-08T21:45:00.000Z,2012,10
47.8209323,-83.3549857,Chapleau (Canada),ON,2009-09-23T22:00:00.000Z,2009,9
49.5288403,-84.5630623171128,Angus (Canada),ON,2000-08-21T03:30:00.000Z,2000,8
52.9239892,-82.4283488428012,Attawapiskat (Canada),ON,2012-10-08T21:45:00.000Z,2012,10
49.5288403,-84.5630623171128,Angus (Canada),ON,2000-08-21T03:30:00.000Z,2000,8
52.9239892,-82.4283488428012,Attawapiskat (Canada),ON,2012-10-08T21:45:00.000Z,2012,10
48.7738991,-91.6386031,Atikokan (Canada),ON,2010-09-28T22:00:00.000Z,2010,9
52.9239892,-82.4283488428012,Attawapiskat (Canada),ON,2012-10-08T21:45:00.000Z,2012,10
43.5902277,-80.1290043,Milton (Canada),ON,2014-06-14T23:15:00.000Z,2014,6
52.9239892,-82.4283488428012,Attawapiskat (Canada),ON,2012-10-08T21:45:00.000Z,2012,10
48.7738991,-91.6386031,Atikokan (Canada),ON,2010-09-28T22:00:00.000Z,2010,9
49.1055984,-81.0136031,Cochrane (Canada),ON,2012-09-04T22:00:00.000Z,2012,9
48.4902991,-81.3342007,Lavigne (Canada),ON,1979-06-15T21:30:00.000Z,1979,6
52.9239892,-82.4283488428012,Attawapiskat (Canada),ON,2012-10-08T21:45:00.000Z,2012,10
52.9239892,-82.4283488428012,Attawapiskat (Canada),ON,2012-10-08T21:45:00.000Z,2012,10
49.5288403,-84.5630623171128,Angus (Canada),ON,2000-08-21T03:30:00.000Z,2000,8
43.7386674,-79.9643514,Ballinafad (Canada),ON,2008-05-15T02:30:00.000Z,2008,5
52.9239892,-82.4283488428012,Attawapiskat (Canada),ON,2012-10-08T21:45:00.000Z,2012,10
52.9239892,-82.4283488428012,Attawapiskat (Canada),ON,2012-10-08T21:45:00.000Z,2012,10
52.9239892,-82.4283488428012,Attawapiskat (Canada),ON,2012-10-08T21:45:00.000Z,2012,10
52.9239892,-82.4283488428012,Attawapiskat (Canada),ON,2012-10-08T21:45:00.000Z,2012,10
52.9239892,-82.4283488428012,Attawapiskat (Canada),ON,2012-10-08T21:45:00.000Z,2012,10
47.8209323,-83.3549857,Chapleau (Canada),ON,2009-09-23T22:00:00.000Z,2009,9
51.266667,-80.6499999,Moosonee (Canada),ON,2007-01-18T17:30:00.000Z,2007,1
52.9239892,-82.4283488428012,Attawapiskat (Canada),ON,2012-10-08T21:45:00.000Z,2012,10
43.9877279,-77.1383746520964,Picton (Canada),ON,2009-01-26T20:30:00.000Z,2009,1
48.7162203,-86.3758953,Marathon,ON,2014-06-14T22:00:00.000Z,2014,6
42.0947456,-82.4624555,Wheatley (Canada),ON,2007-01-20T20:00:00.000Z,2007,1
50.097436,-91.9165156,Sioux Lookout (Canada),ON,2009-03-07T23:00:00.000Z,2009,3
49.778224,-86.5396059,Longlac (Canada),ON,2007-06-17T01:00:00.000Z,2007,6
48.7162203,-86.3758953,Marathon,ON,2014-06-14T22:00:00.000Z,2014,6
52.9239892,-82.4283488428012,Attawapiskat (Canada),ON,2012-10-08T21:45:00.000Z,2012,10
52.9239892,-82.4283488428012,Attawapiskat (Canada),ON,2012-10-08T21:45:00.000Z,2012,10
52.9239892,-82.4283488428012,Attawapiskat (Canada),ON,2012-10-08T21:45:00.000Z,2012,10
52.9239892,-82.4283488428012,Attawapiskat (Canada),ON,2012-10-08T21:45:00.000Z,2012,10
52.9239892,-82.4283488428012,Attawapiskat (Canada),ON,2012-10-08T21:45:00.000Z,2012,10
50.1785158,-86.713331,Northern Canada,ON,1995-02-06T01:00:00.000Z,1995,2
48.4760636,-81.3283354,Timmins (Canada),ON,2013-09-21T22:30:00.000Z,2013,9
52.9239892,-82.4283488428012,Attawapiskat (Canada),ON,2012-10-08T21:45:00.000Z,2012,10
52.9239892,-82.4283488428012,Attawapiskat (Canada),ON,2012-10-08T21:45:00.000Z,2012,10
51.266667,-80.6499999,Moosonee (Canada),ON,2007-01-18T17:30:00.000Z,2007,1
52.9239892,-82.4283488428012,Attawapiskat (Canada),ON,2012-10-08T21:45:00.000Z,2012,10
52.9239892,-82.4283488428012,Attawapiskat (Canada),ON,2012-10-08T21:45:00.000Z,2012,10
52.9239892,-82.4283488428012,Attawapiskat (Canada),ON,2012-10-08T21:45:00.000Z,2012,10
52.9239892,-82.4283488428012,Attawapiskat (Canada),ON,2012-10-08T21:45:00.000Z,2012,10
52.9239892,-82.4283488428012,Attawapiskat (Canada),ON,2012-10-08T21:45:00.000Z,2012,10
52.9239892,-82.4283488428012,Attawapiskat (Canada),ON,2012-10-08T21:45:00.000Z,2012,10
49.789617,-93.6748203,Lake Winnange (Canada),ON,2013-08-13T23:20:00.000Z,2013,8
52.9239892,-82.4283488428012,Attawapiskat (Canada),ON,2012-10-08T21:45:00.000Z,2012,10
52.9239892,-82.4283488428012,Attawapiskat (Canada),ON,2012-10-08T21:45:00.000Z,2012,10
48.7637291,-80.6686591,Iroquois Falls (Canada),ON,2014-08-09T21:45:00.000Z,2014,8
49.8581032,-92.7973325,Dryden (Canada),ON,2013-02-01T09:30:00.000Z,2013,2
47.8209323,-83.3549857,Chapleau (Canada),ON,2009-09-23T22:00:00.000Z,2009,9
44.3494984,-80.2529708,Singhampton (Canada),ON,1991-06-15T23:50:00.000Z,1991,6
48.4061651,-89.2591414,Thunder Bay (Canada),ON,2014-08-10T04:45:00.000Z,2014,8
52.9239892,-82.4283488428012,Attawapiskat (Canada),ON,2012-10-08T21:45:00.000Z,2012,10
50.097436,-91.9165156,Sioux Lookout (Canada),ON,2009-03-07T23:00:00.000Z,2009,3
49.70434385,-87.766674169786,Bearskin Lake (Canada),ON,2007-10-26T19:00:00.000Z,2007,10
50.097436,-91.9165156,Sioux Lookout (Canada),ON,2009-03-07T23:00:00.000Z,2009,3
52.9239892,-82.4283488428012,Attawapiskat (Canada),ON,2012-10-08T21:45:00.000Z,2012,10
43.2141636,-81.3005688,Granton (Canada),ON,2010-09-11T10:30:00.000Z,2010,9
50.097436,-91.9165156,Sioux Lookout (Canada),ON,2009-03-07T23:00:00.000Z,2009,3
52.9239892,-82.4283488428012,Attawapiskat (Canada),ON,2012-10-08T21:45:00.000Z,2012,10
52.9239892,-82.4283488428012,Attawapiskat (Canada),ON,2012-10-08T21:45:00.000Z,2012,10
52.9239892,-82.4283488428012,Attawapiskat (Canada),ON,2012-10-08T21:45:00.000Z,2012,10
50.097436,-91.9165156,Sioux Lookout (Canada),ON,2009-03-07T23:00:00.000Z,2009,3
49.789617,-93.6748203,Lake Winnange (Canada),ON,2013-08-13T23:20:00.000Z,2013,8
52.9239892,-82.4283488428012,Attawapiskat (Canada),ON,2012-10-08T21:45:00.000Z,2012,10
50.097436,-91.9165156,Sioux Lookout (Canada),ON,2009-03-07T23:00:00.000Z,2009,3
51.266667,-80.6499999,Moosonee (Canada),ON,2007-01-18T17:30:00.000Z,2007,1
50.097436,-91.9165156,Sioux Lookout (Canada),ON,2009-03-07T23:00:00.000Z,2009,3
50.097436,-91.9165156,Sioux Lookout (Canada),ON,2009-03-07T23:00:00.000Z,2009,3
49.789617,-93.6748203,Lake Winnange (Canada),ON,2013-08-13T23:20:00.000Z,2013,8
52.9239892,-82.4283488428012,Attawapiskat (Canada),ON,2012-10-08T21:45:00.000Z,2012,10
50.097436,-91.9165156,Sioux Lookout (Canada),ON,2009-03-07T23:00:00.000Z,2009,3
49.2185794,-84.7741569,Hornepayne (Canada),ON,2012-09-11T21:45:00.000Z,2012,9
52.9239892,-82.4283488428012,Attawapiskat (Canada),ON,2012-10-08T21:45:00.000Z,2012,10
52.9239892,-82.4283488428012,Attawapiskat (Canada),ON,2012-10-08T21:45:00.000Z,2012,10
52.9239892,-82.4283488428012,Attawapiskat (Canada),ON,2012-10-08T21:45:00.000Z,2012,10
45.8023305,-81.7235977,Wikwemikong (Canada),ON,2008-05-15T15:00:00.000Z,2008,5
52.9239892,-82.4283488428012,Attawapiskat (Canada),ON,2012-10-08T21:45:00.000Z,2012,10
46.6667476,-80.7497966,Skead (Canada),ON,2015-06-01T01:00:00.000Z,2015,6
44.7185477,-76.9229581,Arden (Canada),ON,2013-08-31T22:00:00.000Z,2013,8
52.9239892,-82.4283488428012,Attawapiskat (Canada),ON,2012-10-08T21:45:00.000Z,2012,10
52.9239892,-82.4283488428012,Attawapiskat (Canada),ON,2012-10-08T21:45:00.000Z,2012,10
52.9239892,-82.4283488428012,Attawapiskat (Canada),ON,2012-10-08T21:45:00.000Z,2012,10
46.9599336,-84.6871352,Pancake Bay (Canada),ON,2008-10-15T03:00:00.000Z,2008,10
52.9239892,-82.4283488428012,Attawapiskat (Canada),ON,2012-10-08T21:45:00.000Z,2012,10
52.9239892,-82.4283488428012,Attawapiskat (Canada),ON,2012-10-08T21:45:00.000Z,2012,10
52.9239892,-82.4283488428012,Attawapiskat (Canada),ON,2012-10-08T21:45:00.000Z,2012,10
52.9239892,-82.4283488428012,Attawapiskat (Canada),ON,2012-10-08T21:45:00.000Z,2012,10
42.0947456,-82.4624555,Wheatley (Canada),ON,2007-01-20T20:00:00.000Z,2007,1
49.1994786,-84.7891164,Cedar Point (Canada),ON,1987-06-20T12:15:00.000Z,1987,6
48.42759375,-89.2994614781394,"Thunderbay, Ontario (Canada)",ON,2003-03-11T03:00:00.000Z,2003,3
52.9239892,-82.4283488428012,Attawapiskat (Canada),ON,2012-10-08T21:45:00.000Z,2012,10
51.266667,-80.6499999,Moosonee (Canada),ON,2007-01-18T17:30:00.000Z,2007,1
52.9239892,-82.4283488428012,Attawapiskat (Canada),ON,2012-10-08T21:45:00.000Z,2012,10
51.266667,-80.6499999,Moosonee (Canada),ON,2007-01-18T17:30:00.000Z,2007,1
52.9239892,-82.4283488428012,Attawapiskat (Canada),ON,2012-10-08T21:45:00.000Z,2012,10
52.9239892,-82.4283488428012,Attawapiskat (Canada),ON,2012-10-08T21:45:00.000Z,2012,10
52.9239892,-82.4283488428012,Attawapiskat (Canada),ON,2012-10-08T21:45:00.000Z,2012,10
52.9239892,-82.4283488428012,Attawapiskat (Canada),ON,2012-10-08T21:45:00.000Z,2012,10
49.70434385,-87.766674169786,Bearskin Lake (Canada),ON,2007-10-26T19:00:00.000Z,2007,10
52.9239892,-82.4283488428012,Attawapiskat (Canada),ON,2012-10-08T21:45:00.000Z,2012,10
52.9239892,-82.4283488428012,Attawapiskat (Canada),ON,2012-10-08T21:45:00.000Z,2012,10
49.5288403,-84.5630623171128,Angus (Canada),ON,2000-08-21T03:30:00.000Z,2000,8
50.097436,-91.9165156,Sioux Lookout (Canada),ON,2009-03-07T23:00:00.000Z,2009,3
49.51988855,-84.568322602413,Eagle (Canada),ON,2007-10-08T21:00:00.000Z,2007,10
52.9239892,-82.4283488428012,Attawapiskat (Canada),ON,2012-10-08T21:45:00.000Z,2012,10
52.9239892,-82.4283488428012,Attawapiskat (Canada),ON,2012-10-08T21:45:00.000Z,2012,10
52.9239892,-82.4283488428012,Attawapiskat (Canada),ON,2012-10-08T21:45:00.000Z,2012,10
49.1055984,-81.0136031,Cochrane (Canada),ON,2012-09-04T22:00:00.000Z,2012,9
52.9239892,-82.4283488428012,Attawapiskat (Canada),ON,2012-10-08T21:45:00.000Z,2012,10
51.266667,-80.6499999,Moosonee (Canada),ON,2007-01-18T17:30:00.000Z,2007,1
52.9239892,-82.4283488428012,Attawapiskat (Canada),ON,2012-10-08T21:45:00.000Z,2012,10
50.1785158,-86.713331,Northern Canada,ON,1995-02-06T01:00:00.000Z,1995,2
49.1994786,-84.7891164,Cedar Point (Canada),ON,1987-06-20T12:15:00.000Z,1987,6
48.4902991,-81.3342007,Lavigne (Canada),ON,1979-06-15T21:30:00.000Z,1979,6
52.9239892,-82.4283488428012,Attawapiskat (Canada),ON,2012-10-08T21:45:00.000Z,2012,10
44.7185477,-76.9229581,Arden (Canada),ON,2013-08-31T22:00:00.000Z,2013,8
51.266667,-80.6499999,Moosonee (Canada),ON,2007-01-18T17:30:00.000Z,2007,1
50.097436,-91.9165156,Sioux Lookout (Canada),ON,2009-03-07T23:00:00.000Z,2009,3
51.266667,-80.6499999,Moosonee (Canada),ON,2007-01-18T17:30:00.000Z,2007,1
45.6141919,-80.5455261,Bayfield Inlet (Canada),ON,2007-09-16T04:00:00.000Z,2007,9
52.9239892,-82.4283488428012,Attawapiskat (Canada),ON,2012-10-08T21:45:00.000Z,2012,10
44.78423505,-79.2306711927282,Black River (Canada),ON,1997-03-12T21:00:00.000Z,1997,3
49.778224,-86.5396059,Longlac (Canada),ON,2007-06-17T01:00:00.000Z,2007,6
50.1785158,-86.713331,Northern Canada,ON,1995-02-06T01:00:00.000Z,1995,2
49.1994786,-84.7891164,Cedar Point (Canada),ON,1987-06-20T12:15:00.000Z,1987,6
45.4380475,-76.3594014,Arnprior (Canada),ON,2016-06-17T21:00:00.000Z,2016,6
52.9239892,-82.4283488428012,Attawapiskat (Canada),ON,2012-10-08T21:45:00.000Z,2012,10
51.266667,-80.6499999,Moosonee (Canada),ON,2007-01-18T17:30:00.000Z,2007,1
51.266667,-80.6499999,Moosonee (Canada),ON,2007-01-18T17:30:00.000Z,2007,1
46.6667476,-80.7497966,Skead (Canada),ON,2015-06-01T01:00:00.000Z,2015,6
52.9239892,-82.4283488428012,Attawapiskat (Canada),ON,2012-10-08T21:45:00.000Z,2012,10
48.7162203,-86.3758953,Marathon,ON,2014-06-14T22:00:00.000Z,2014,6
48.7162203,-86.3758953,Marathon,ON,2014-06-14T22:00:00.000Z,2014,6
52.9239892,-82.4283488428012,Attawapiskat (Canada),ON,2012-10-08T21:45:00.000Z,2012,10
51.266667,-80.6499999,Moosonee (Canada),ON,2007-01-18T17:30:00.000Z,2007,1
52.9239892,-82.4283488428012,Attawapiskat (Canada),ON,2012-10-08T21:45:00.000Z,2012,10
51.266667,-80.6499999,Moosonee (Canada),ON,2007-01-18T17:30:00.000Z,2007,1
52.9239892,-82.4283488428012,Attawapiskat (Canada),ON,2012-10-08T21:45:00.000Z,2012,10
50.1785158,-86.713331,Northern Canada,ON,1995-02-06T01:00:00.000Z,1995,2
52.9239892,-82.4283488428012,Attawapiskat (Canada),ON,2012-10-08T21:45:00.000Z,2012,10
52.9239892,-82.4283488428012,Attawapiskat (Canada),ON,2012-10-08T21:45:00.000Z,2012,10
52.9239892,-82.4283488428012,Attawapiskat (Canada),ON,2012-10-08T21:45:00.000Z,2012,10
48.7738991,-91.6386031,Atikokan (Canada),ON,2010-09-28T22:00:00.000Z,2010,9
52.9239892,-82.4283488428012,Attawapiskat (Canada),ON,2012-10-08T21:45:00.000Z,2012,10
50.1785158,-86.713331,Northern Canada,ON,1995-02-06T01:00:00.000Z,1995,2
51.266667,-80.6499999,Moosonee (Canada),ON,2007-01-18T17:30:00.000Z,2007,1
50.097436,-91.9165156,Sioux Lookout (Canada),ON,2009-03-07T23:00:00.000Z,2009,3
49.70434385,-87.766674169786,Bearskin Lake (Canada),ON,2007-10-26T19:00:00.000Z,2007,10
50.097436,-91.9165156,Sioux Lookout (Canada),ON,2009-03-07T23:00:00.000Z,2009,3
50.097436,-91.9165156,Sioux Lookout (Canada),ON,2009-03-07T23:00:00.000Z,2009,3
47.8209323,-83.3549857,Chapleau (Canada),ON,2009-09-23T22:00:00.000Z,2009,9
47.3940148,-79.6870887,Cobalt (Canada),ON,2001-08-14T23:30:00.000Z,2001,8
51.266667,-80.6499999,Moosonee (Canada),ON,2007-01-18T17:30:00.000Z,2007,1
45.8023305,-81.7235977,Wikwemikong (Canada),ON,2008-05-15T15:00:00.000Z,2008,5
46.4490938,-82.6905028990394,Elliot Lake (Canada),ON,2016-05-23T23:30:00.000Z,2016,5
52.9239892,-82.4283488428012,Attawapiskat (Canada),ON,2012-10-08T21:45:00.000Z,2012,10
52.9239892,-82.4283488428012,Attawapiskat (Canada),ON,2012-10-08T21:45:00.000Z,2012,10
48.7162203,-86.3758953,Marathon,ON,2014-06-14T22:00:00.000Z,2014,6
50.097436,-91.9165156,Sioux Lookout (Canada),ON,2009-03-07T23:00:00.000Z,2009,3
52.9239892,-82.4283488428012,Attawapiskat (Canada),ON,2012-10-08T21:45:00.000Z,2012,10
49.70434385,-87.766674169786,Bearskin Lake (Canada),ON,2007-10-26T19:00:00.000Z,2007,10
46.9599336,-84.6871352,Pancake Bay (Canada),ON,2008-10-15T03:00:00.000Z,2008,10
46.4490938,-82.6905028990394,Elliot Lake (Canada),ON,2016-05-23T23:30:00.000Z,2016,5
46.5990787,-81.1823224,Sudbury (Canada),ON,2014-08-10T23:15:00.000Z,2014,8
49.1994786,-84.7891164,Cedar Point (Canada),ON,1987-06-20T12:15:00.000Z,1987,6
50.097436,-91.9165156,Sioux Lookout (Canada),ON,2009-03-07T23:00:00.000Z,2009,3
46.5990787,-81.1823224,Sudbury (Canada),ON,2014-08-10T23:15:00.000Z,2014,8
46.4490938,-82.6905028990394,Elliot Lake (Canada),ON,2016-05-23T23:30:00.000Z,2016,5
52.9239892,-82.4283488428012,Attawapiskat (Canada),ON,2012-10-08T21:45:00.000Z,2012,10
49.8581032,-92.7973325,Dryden (Canada),ON,2013-02-01T09:30:00.000Z,2013,2
51.266667,-80.6499999,Moosonee (Canada),ON,2007-01-18T17:30:00.000Z,2007,1
52.9239892,-82.4283488428012,Attawapiskat (Canada),ON,2012-10-08T21:45:00.000Z,2012,10
52.9239892,-82.4283488428012,Attawapiskat (Canada),ON,2012-10-08T21:45:00.000Z,2012,10
52.9239892,-82.4283488428012,Attawapiskat (Canada),ON,2012-10-08T21:45:00.000Z,2012,10
49.1055984,-81.0136031,Cochrane (Canada),ON,2012-09-04T22:00:00.000Z,2012,9
49.70434385,-87.766674169786,Bearskin Lake (Canada),ON,2007-10-26T19:00:00.000Z,2007,10
49.5288403,-84.5630623171128,Angus (Canada),ON,2000-08-21T03:30:00.000Z,2000,8
47.8209323,-83.3549857,Chapleau (Canada),ON,2009-09-23T22:00:00.000Z,2009,9
52.9239892,-82.4283488428012,Attawapiskat (Canada),ON,2012-10-08T21:45:00.000Z,2012,10
50.097436,-91.9165156,Sioux Lookout (Canada),ON,2009-03-07T23:00:00.000Z,2009,3
52.9239892,-82.4283488428012,Attawapiskat (Canada),ON,2012-10-08T21:45:00.000Z,2012,10
51.266667,-80.6499999,Moosonee (Canada),ON,2007-01-18T17:30:00.000Z,2007,1
49.70434385,-87.766674169786,Bearskin Lake (Canada),ON,2007-10-26T19:00:00.000Z,2007,10
44.1109889,-81.7143373,Bruce Beach (Canada),ON,2013-06-22T22:55:00.000Z,2013,6
52.9239892,-82.4283488428012,Attawapiskat (Canada),ON,2012-10-08T21:45:00.000Z,2012,10
51.266667,-80.6499999,Moosonee (Canada),ON,2007-01-18T17:30:00.000Z,2007,1
50.097436,-91.9165156,Sioux Lookout (Canada),ON,2009-03-07T23:00:00.000Z,2009,3
46.6530558,-80.9447961,Hanmer (Canada),ON,2012-06-21T22:40:00.000Z,2012,6
48.4760636,-81.3283354,Timmins (Canada),ON,2013-09-21T22:30:00.000Z,2013,9
47.8209323,-83.3549857,Chapleau (Canada),ON,2009-09-23T22:00:00.000Z,2009,9
50.097436,-91.9165156,Sioux Lookout (Canada),ON,2009-03-07T23:00:00.000Z,2009,3
52.9239892,-82.4283488428012,Attawapiskat (Canada),ON,2012-10-08T21:45:00.000Z,2012,10
48.7738991,-91.6386031,Atikokan (Canada),ON,2010-09-28T22:00:00.000Z,2010,9
49.5288403,-84.5630623171128,Angus (Canada),ON,2000-08-21T03:30:00.000Z,2000,8
51.266667,-80.6499999,Moosonee (Canada),ON,2007-01-18T17:30:00.000Z,2007,1
50.1785158,-86.713331,Northern Canada,ON,1995-02-06T01:00:00.000Z,1995,2
45.2479889,-78.8928776,Algonquin Highlands (Canada),ON,2014-08-05T22:00:00.000Z,2014,8
49.70434385,-87.766674169786,Bearskin Lake (Canada),ON,2007-10-26T19:00:00.000Z,2007,10
48.7637291,-80.6686591,Iroquois Falls (Canada),ON,2014-08-09T21:45:00.000Z,2014,8
52.9239892,-82.4283488428012,Attawapiskat (Canada),ON,2012-10-08T21:45:00.000Z,2012,10
52.9239892,-82.4283488428012,Attawapiskat (Canada),ON,2012-10-08T21:45:00.000Z,2012,10
52.9239892,-82.4283488428012,Attawapiskat (Canada),ON,2012-10-08T21:45:00.000Z,2012,10
47.3940148,-79.6870887,Cobalt (Canada),ON,2001-08-14T23:30:00.000Z,2001,8
43.2905128,-81.5021981,New Brunswick (Canada),ON,1986-06-30T15:30:00.000Z,1986,6
52.9239892,-82.4283488428012,Attawapiskat (Canada),ON,2012-10-08T21:45:00.000Z,2012,10
45.9213026,-79.9296457,Arnstein (Canada),ON,2013-09-22T19:45:00.000Z,2013,9
52.9239892,-82.4283488428012,Attawapiskat (Canada),ON,2012-10-08T21:45:00.000Z,2012,10
52.9239892,-82.4283488428012,Attawapiskat (Canada),ON,2012-10-08T21:45:00.000Z,2012,10
45.6202244,-79.4089159,Burk's Falls (Canada),ON,2002-08-02T20:30:00.000Z,2002,8
52.9239892,-82.4283488428012,Attawapiskat (Canada),ON,2012-10-08T21:45:00.000Z,2012,10
52.9239892,-82.4283488428012,Attawapiskat (Canada),ON,2012-10-08T21:45:00.000Z,2012,10
49.5288403,-84.5630623171128,Angus (Canada),ON,2000-08-21T03:30:00.000Z,2000,8
52.9239892,-82.4283488428012,Attawapiskat (Canada),ON,2012-10-08T21:45:00.000Z,2012,10
50.097436,-91.9165156,Sioux Lookout (Canada),ON,2009-03-07T23:00:00.000Z,2009,3
48.7162203,-86.3758953,Marathon,ON,2014-06-14T22:00:00.000Z,2014,6
52.9239892,-82.4283488428012,Attawapiskat (Canada),ON,2012-10-08T21:45:00.000Z,2012,10
52.9239892,-82.4283488428012,Attawapiskat (Canada),ON,2012-10-08T21:45:00.000Z,2012,10
52.9239892,-82.4283488428012,Attawapiskat (Canada),ON,2012-10-08T21:45:00.000Z,2012,10
49.789617,-93.6748203,Lake Winnange (Canada),ON,2013-08-13T23:20:00.000Z,2013,8
51.266667,-80.6499999,Moosonee (Canada),ON,2007-01-18T17:30:00.000Z,2007,1
50.1785158,-86.713331,Northern Canada,ON,1995-02-06T01:00:00.000Z,1995,2
50.097436,-91.9165156,Sioux Lookout (Canada),ON,2009-03-07T23:00:00.000Z,2009,3
47.8209323,-83.3549857,Chapleau (Canada),ON,2009-09-23T22:00:00.000Z,2009,9
50.097436,-91.9165156,Sioux Lookout (Canada),ON,2009-03-07T23:00:00.000Z,2009,3
46.1770206,-77.6945747,Rolphton (Canada),ON,1997-06-01T19:30:00.000Z,1997,6
52.9239892,-82.4283488428012,Attawapiskat (Canada),ON,2012-10-08T21:45:00.000Z,2012,10
50.097436,-91.9165156,Sioux Lookout (Canada),ON,2009-03-07T23:00:00.000Z,2009,3
44.3454166,-77.3346697,Roslin (Canada),ON,2001-04-02T18:00:00.000Z,2001,4
50.097436,-91.9165156,Sioux Lookout (Canada),ON,2009-03-07T23:00:00.000Z,2009,3
51.266667,-80.6499999,Moosonee (Canada),ON,2007-01-18T17:30:00.000Z,2007,1
50.1785158,-86.713331,Northern Canada,ON,1995-02-06T01:00:00.000Z,1995,2
52.9239892,-82.4283488428012,Attawapiskat (Canada),ON,2012-10-08T21:45:00.000Z,2012,10
52.9239892,-82.4283488428012,Attawapiskat (Canada),ON,2012-10-08T21:45:00.000Z,2012,10
49.5288403,-84.5630623171128,Angus (Canada),ON,2000-08-21T03:30:00.000Z,2000,8
51.266667,-80.6499999,Moosonee (Canada),ON,2007-01-18T17:30:00.000Z,2007,1
49.51988855,-84.568322602413,Eagle (Canada),ON,2007-10-08T21:00:00.000Z,2007,10
52.9239892,-82.4283488428012,Attawapiskat (Canada),ON,2012-10-08T21:45:00.000Z,2012,10
42.8850972,-79.2521394,Port Colborne (Canada),ON,2009-10-03T20:44:00.000Z,2009,10
49.1994786,-84.7891164,Cedar Point (Canada),ON,1987-06-20T12:15:00.000Z,1987,6
51.266667,-80.6499999,Moosonee (Canada),ON,2007-01-18T17:30:00.000Z,2007,1
50.097436,-91.9165156,Sioux Lookout (Canada),ON,2009-03-07T23:00:00.000Z,2009,3
52.9239892,-82.4283488428012,Attawapiskat (Canada),ON,2012-10-08T21:45:00.000Z,2012,10
52.9239892,-82.4283488428012,Attawapiskat (Canada),ON,2012-10-08T21:45:00.000Z,2012,10
48.7162203,-86.3758953,Marathon,ON,2014-06-14T22:00:00.000Z,2014,6
51.266667,-80.6499999,Moosonee (Canada),ON,2007-01-18T17:30:00.000Z,2007,1
50.097436,-91.9165156,Sioux Lookout (Canada),ON,2009-03-07T23:00:00.000Z,2009,3
51.266667,-80.6499999,Moosonee (Canada),ON,2007-01-18T17:30:00.000Z,2007,1
50.1785158,-86.713331,Northern Canada,ON,1995-02-06T01:00:00.000Z,1995,2
44.1442774,-81.1461372,Walkerton (Canada),ON,2010-01-30T18:45:00.000Z,2010,1
46.1770206,-77.6945747,Rolphton (Canada),ON,1997-06-01T19:30:00.000Z,1997,6
52.9239892,-82.4283488428012,Attawapiskat (Canada),ON,2012-10-08T21:45:00.000Z,2012,10
52.9239892,-82.4283488428012,Attawapiskat (Canada),ON,2012-10-08T21:45:00.000Z,2012,10
46.4490938,-82.6905028990394,Elliot Lake (Canada),ON,2016-05-23T23:30:00.000Z,2016,5
48.7162203,-86.3758953,Marathon,ON,2014-06-14T22:00:00.000Z,2014,6
47.8209323,-83.3549857,Chapleau (Canada),ON,2009-09-23T22:00:00.000Z,2009,9
52.9239892,-82.4283488428012,Attawapiskat (Canada),ON,2012-10-08T21:45:00.000Z,2012,10
50.1785158,-86.713331,Northern Canada,ON,1995-02-06T01:00:00.000Z,1995,2
51.266667,-80.6499999,Moosonee (Canada),ON,2007-01-18T17:30:00.000Z,2007,1
49.778224,-86.5396059,Longlac (Canada),ON,2007-06-17T01:00:00.000Z,2007,6
50.097436,-91.9165156,Sioux Lookout (Canada),ON,2009-03-07T23:00:00.000Z,2009,3
50.097436,-91.9165156,Sioux Lookout (Canada),ON,2009-03-07T23:00:00.000Z,2009,3
50.1785158,-86.713331,Northern Canada,ON,1995-02-06T01:00:00.000Z,1995,2
46.4490938,-82.6905028990394,Elliot Lake (Canada),ON,2016-05-23T23:30:00.000Z,2016,5
42.9711882,-81.4667888,Komoka (Canada),ON,2014-07-11T08:15:00.000Z,2014,7
52.9239892,-82.4283488428012,Attawapiskat (Canada),ON,2012-10-08T21:45:00.000Z,2012,10
44.6794247,-79.3105775,Orillia (Canada),ON,2014-12-20T12:45:00.000Z,2014,12
51.266667,-80.6499999,Moosonee (Canada),ON,2007-01-18T17:30:00.000Z,2007,1
45.2479889,-78.8928776,Algonquin Highlands (Canada),ON,2014-08-05T22:00:00.000Z,2014,8
51.266667,-80.6499999,Moosonee (Canada),ON,2007-01-18T17:30:00.000Z,2007,1
52.9239892,-82.4283488428012,Attawapiskat (Canada),ON,2012-10-08T21:45:00.000Z,2012,10
43.8650246,-78.9382383,Whitby (Canada),ON,2015-09-06T22:00:00.000Z,2015,9
51.266667,-80.6499999,Moosonee (Canada),ON,2007-01-18T17:30:00.000Z,2007,1
48.7738991,-91.6386031,Atikokan (Canada),ON,2010-09-28T22:00:00.000Z,2010,9
48.4760636,-81.3283354,Timmins (Canada),ON,2013-09-21T22:30:00.000Z,2013,9
49.5288403,-84.5630623171128,Angus (Canada),ON,2000-08-21T03:30:00.000Z,2000,8
52.9239892,-82.4283488428012,Attawapiskat (Canada),ON,2012-10-08T21:45:00.000Z,2012,10
50.1785158,-86.713331,Northern Canada,ON,1995-02-06T01:00:00.000Z,1995,2
50.1785158,-86.713331,Northern Canada,ON,1995-02-06T01:00:00.000Z,1995,2
52.9239892,-82.4283488428012,Attawapiskat (Canada),ON,2012-10-08T21:45:00.000Z,2012,10
52.9239892,-82.4283488428012,Attawapiskat (Canada),ON,2012-10-08T21:45:00.000Z,2012,10
52.9239892,-82.4283488428012,Attawapiskat (Canada),ON,2012-10-08T21:45:00.000Z,2012,10
52.9239892,-82.4283488428012,Attawapiskat (Canada),ON,2012-10-08T21:45:00.000Z,2012,10
46.9599336,-84.6871352,Pancake Bay (Canada),ON,2008-10-15T03:00:00.000Z,2008,10
52.9239892,-82.4283488428012,Attawapiskat (Canada),ON,2012-10-08T21:45:00.000Z,2012,10
49.789617,-93.6748203,Lake Winnange (Canada),ON,2013-08-13T23:20:00.000Z,2013,8
52.9239892,-82.4283488428012,Attawapiskat (Canada),ON,2012-10-08T21:45:00.000Z,2012,10
52.9239892,-82.4283488428012,Attawapiskat (Canada),ON,2012-10-08T21:45:00.000Z,2012,10
51.266667,-80.6499999,Moosonee (Canada),ON,2007-01-18T17:30:00.000Z,2007,1
49.1994786,-84.7891164,Cedar Point (Canada),ON,1987-06-20T12:15:00.000Z,1987,6
46.0266765,-79.7193879,Restoule (Canada),ON,1999-09-07T23:08:00.000Z,1999,9
45.8023305,-81.7235977,Wikwemikong (Canada),ON,2008-05-15T15:00:00.000Z,2008,5
52.9239892,-82.4283488428012,Attawapiskat (Canada),ON,2012-10-08T21:45:00.000Z,2012,10
52.9239892,-82.4283488428012,Attawapiskat (Canada),ON,2012-10-08T21:45:00.000Z,2012,10
52.9239892,-82.4283488428012,Attawapiskat (Canada),ON,2012-10-08T21:45:00.000Z,2012,10
52.9239892,-82.4283488428012,Attawapiskat (Canada),ON,2012-10-08T21:45:00.000Z,2012,10
51.266667,-80.6499999,Moosonee (Canada),ON,2007-01-18T17:30:00.000Z,2007,1
49.70434385,-87.766674169786,Bearskin Lake (Canada),ON,2007-10-26T19:00:00.000Z,2007,10
49.789617,-93.6748203,Lake Winnange (Canada),ON,2013-08-13T23:20:00.000Z,2013,8
46.5990787,-81.1823224,Sudbury (Canada),ON,2014-08-10T23:15:00.000Z,2014,8
42.9326725,-80.5626695,Otterville (Canada),ON,2011-11-05T11:00:00.000Z,2011,11
52.9239892,-82.4283488428012,Attawapiskat (Canada),ON,2012-10-08T21:45:00.000Z,2012,10
52.9239892,-82.4283488428012,Attawapiskat (Canada),ON,2012-10-08T21:45:00.000Z,2012,10
52.9239892,-82.4283488428012,Attawapiskat (Canada),ON,2012-10-08T21:45:00.000Z,2012,10
43.3811896,-81.0031783,Enterprise (Canada),ON,2004-08-31T21:00:00.000Z,2004,8
52.9239892,-82.4283488428012,Attawapiskat (Canada),ON,2012-10-08T21:45:00.000Z,2012,10
52.9239892,-82.4283488428012,Attawapiskat (Canada),ON,2012-10-08T21:45:00.000Z,2012,10
51.266667,-80.6499999,Moosonee (Canada),ON,2007-01-18T17:30:00.000Z,2007,1
49.8150703,-92.9815933,Oxdrift (Canada),ON,1982-07-01T21:00:00.000Z,1982,7
52.9239892,-82.4283488428012,Attawapiskat (Canada),ON,2012-10-08T21:45:00.000Z,2012,10
52.9239892,-82.4283488428012,Attawapiskat (Canada),ON,2012-10-08T21:45:00.000Z,2012,10
51.266667,-80.6499999,Moosonee (Canada),ON,2007-01-18T17:30:00.000Z,2007,1
52.9239892,-82.4283488428012,Attawapiskat (Canada),ON,2012-10-08T21:45:00.000Z,2012,10
52.9239892,-82.4283488428012,Attawapiskat (Canada),ON,2012-10-08T21:45:00.000Z,2012,10
52.9239892,-82.4283488428012,Attawapiskat (Canada),ON,2012-10-08T21:45:00.000Z,2012,10
52.9239892,-82.4283488428012,Attawapiskat (Canada),ON,2012-10-08T21:45:00.000Z,2012,10
48.7738991,-91.6386031,Atikokan (Canada),ON,2010-09-28T22:00:00.000Z,2010,9
48.7162203,-86.3758953,Marathon,ON,2014-06-14T22:00:00.000Z,2014,6
46.2647102,-81.781010428831,Espanola (Canada),ON,1951-03-15T10:30:00.000Z,1951,3
48.7738991,-91.6386031,Atikokan (Canada),ON,2010-09-28T22:00:00.000Z,2010,9
50.097436,-91.9165156,Sioux Lookout (Canada),ON,2009-03-07T23:00:00.000Z,2009,3
50.097436,-91.9165156,Sioux Lookout (Canada),ON,2009-03-07T23:00:00.000Z,2009,3
51.266667,-80.6499999,Moosonee (Canada),ON,2007-01-18T17:30:00.000Z,2007,1
49.1994786,-84.7891164,Cedar Point (Canada),ON,1987-06-20T12:15:00.000Z,1987,6
52.9239892,-82.4283488428012,Attawapiskat (Canada),ON,2012-10-08T21:45:00.000Z,2012,10
49.789617,-93.6748203,Lake Winnange (Canada),ON,2013-08-13T23:20:00.000Z,2013,8
49.70434385,-87.766674169786,Bearskin Lake (Canada),ON,2007-10-26T19:00:00.000Z,2007,10
50.097436,-91.9165156,Sioux Lookout (Canada),ON,2009-03-07T23:00:00.000Z,2009,3
52.9239892,-82.4283488428012,Attawapiskat (Canada),ON,2012-10-08T21:45:00.000Z,2012,10
50.097436,-91.9165156,Sioux Lookout (Canada),ON,2009-03-07T23:00:00.000Z,2009,3
51.266667,-80.6499999,Moosonee (Canada),ON,2007-01-18T17:30:00.000Z,2007,1
43.8826569,-79.2624675,Markham (Canada),ON,2007-06-29T03:00:00.000Z,2007,6
52.9239892,-82.4283488428012,Attawapiskat (Canada),ON,2012-10-08T21:45:00.000Z,2012,10
52.9239892,-82.4283488428012,Attawapiskat (Canada),ON,2012-10-08T21:45:00.000Z,2012,10
48.7162203,-86.3758953,Marathon,ON,2014-06-14T22:00:00.000Z,2014,6
51.266667,-80.6499999,Moosonee (Canada),ON,2007-01-18T17:30:00.000Z,2007,1
50.097436,-91.9165156,Sioux Lookout (Canada),ON,2009-03-07T23:00:00.000Z,2009,3
49.778224,-86.5396059,Longlac (Canada),ON,2007-06-17T01:00:00.000Z,2007,6
49.5288403,-84.5630623171128,Angus (Canada),ON,2000-08-21T03:30:00.000Z,2000,8
48.7162203,-86.3758953,Marathon,ON,2014-06-14T22:00:00.000Z,2014,6
46.0266765,-79.7193879,Restoule (Canada),ON,1999-09-07T23:08:00.000Z,1999,9
52.9239892,-82.4283488428012,Attawapiskat (Canada),ON,2012-10-08T21:45:00.000Z,2012,10
51.266667,-80.6499999,Moosonee (Canada),ON,2007-01-18T17:30:00.000Z,2007,1
52.9239892,-82.4283488428012,Attawapiskat (Canada),ON,2012-10-08T21:45:00.000Z,2012,10
50.097436,-91.9165156,Sioux Lookout (Canada),ON,2009-03-07T23:00:00.000Z,2009,3
52.9239892,-82.4283488428012,Attawapiskat (Canada),ON,2012-10-08T21:45:00.000Z,2012,10
52.9239892,-82.4283488428012,Attawapiskat (Canada),ON,2012-10-08T21:45:00.000Z,2012,10
48.4028378,-89.625413,Kakabeka Falls (Canada),ON,2015-01-01T01:00:00.000Z,2015,1
52.9239892,-82.4283488428012,Attawapiskat (Canada),ON,2012-10-08T21:45:00.000Z,2012,10
51.266667,-80.6499999,Moosonee (Canada),ON,2007-01-18T17:30:00.000Z,2007,1
44.692686,-79.8696737,Penetanguishene (Canada),ON,2013-08-08T22:45:00.000Z,2013,8
45.0252193,-75.6544406,Kemptville (Canada),ON,2015-12-24T18:00:00.000Z,2015,12
52.9239892,-82.4283488428012,Attawapiskat (Canada),ON,2012-10-08T21:45:00.000Z,2012,10
48.6115924,-93.4091926346668,Fort Frances (Canada),ON,2014-08-08T21:00:00.000Z,2014,8
52.9239892,-82.4283488428012,Attawapiskat (Canada),ON,2012-10-08T21:45:00.000Z,2012,10
49.1994786,-84.7891164,Cedar Point (Canada),ON,1987-06-20T12:15:00.000Z,1987,6
50.097436,-91.9165156,Sioux Lookout (Canada),ON,2009-03-07T23:00:00.000Z,2009,3
46.1770206,-77.6945747,Rolphton (Canada),ON,1997-06-01T19:30:00.000Z,1997,6
52.9239892,-82.4283488428012,Attawapiskat (Canada),ON,2012-10-08T21:45:00.000Z,2012,10
52.9239892,-82.4283488428012,Attawapiskat (Canada),ON,2012-10-08T21:45:00.000Z,2012,10
52.9239892,-82.4283488428012,Attawapiskat (Canada),ON,2012-10-08T21:45:00.000Z,2012,10
52.9239892,-82.4283488428012,Attawapiskat (Canada),ON,2012-10-08T21:45:00.000Z,2012,10
52.9239892,-82.4283488428012,Attawapiskat (Canada),ON,2012-10-08T21:45:00.000Z,2012,10
52.9239892,-82.4283488428012,Attawapiskat (Canada),ON,2012-10-08T21:45:00.000Z,2012,10
49.789617,-93.6748203,Lake Winnange (Canada),ON,2013-08-13T23:20:00.000Z,2013,8
45.8023305,-81.7235977,Wikwemikong (Canada),ON,2008-05-15T15:00:00.000Z,2008,5
48.7162203,-86.3758953,Marathon,ON,2014-06-14T22:00:00.000Z,2014,6
52.9239892,-82.4283488428012,Attawapiskat (Canada),ON,2012-10-08T21:45:00.000Z,2012,10
51.266667,-80.6499999,Moosonee (Canada),ON,2007-01-18T17:30:00.000Z,2007,1
52.9239892,-82.4283488428012,Attawapiskat (Canada),ON,2012-10-08T21:45:00.000Z,2012,10
49.1055984,-81.0136031,Cochrane (Canada),ON,2012-09-04T22:00:00.000Z,2012,9
50.097436,-91.9165156,Sioux Lookout (Canada),ON,2009-03-07T23:00:00.000Z,2009,3
50.1785158,-86.713331,Northern Canada,ON,1995-02-06T01:00:00.000Z,1995,2
49.51988855,-84.568322602413,Eagle (Canada),ON,2007-10-08T21:00:00.000Z,2007,10
49.70434385,-87.766674169786,Bearskin Lake (Canada),ON,2007-10-26T19:00:00.000Z,2007,10
46.6103312,-81.0073924,Val Caron (Canada),ON,1974-11-15T15:40:00.000Z,1974,11
